{"8": {"training_loss": [1.0973910440443433, 0.6234608597242186, 0.596409856720129, 0.48624547125314166, 0.39648361965623735, 0.3426455063641072, 0.2835876234510408, 0.24427314573696757, 0.23632273132938764, 0.20118448178294912, 0.22642603865787692, 0.21187571590472665, 0.19261278701123885, 0.18324017636449064, 0.15993819503937656, 0.16608812963702402, 0.1570816302947815, 0.1535128188906354, 0.1546003248529315, 0.14405507461663974, 0.14612918521816498, 0.14567466332185475, 0.13482063408354383, 0.13227248716551487, 0.13567363111728215, 0.12998934392289274, 0.12921908080678368, 0.10954041723487773, 0.11835735338713782, 0.12454588285328017], "val_loss": [0.5434729681773619, 0.8504174107855017, 0.7251606739464809, 0.7824485953558575, 0.8625427627766674, 1.1439417101612146, 1.0327652454037557, 1.6396874456528827, 1.2787010054485026, 1.2299573622236495, 1.4341412300878966, 1.2271287398412825, 1.7008190171512647, 2.5075647636346483, 2.063512648815363, 2.0037086616974027, 2.53046286580297, 2.283534458838271, 2.2293488425361416, 2.401347136511785, 2.2401887341231816, 2.534337358333075, 3.439083184419321, 3.2683292600269356, 2.685352192714477, 2.796520520370607, 2.7699020277330417, 3.344026296479437, 3.062986834105951, 3.064265861778536]}, "16": {"training_loss": [1.2005625249585137, 0.6096091577492189, 0.5010291188809788, 0.4491855033993488, 0.3495636072329944, 0.28287087039643666, 0.2424723545955203, 0.2288272880734894, 0.22264788284019232, 0.1938998394630289, 0.1823108379982159, 0.17150047976700478, 0.1605461619759012, 0.15402795910045342, 0.14480695360362006, 0.1447080375138512, 0.14718385257845057, 0.14267713720769848, 0.13123753413755423, 0.12631432514663743, 0.12275604847282295, 0.13219298410967895, 0.12384766031394179, 0.11813623619160651, 0.1139504111207259, 0.10695474762609436, 0.10770252529329483, 0.10624875669019218, 0.1044698983711072, 0.11960475345111732], "val_loss": [0.5696739088405263, 0.5378766490654512, 0.6280672509561885, 0.7811897472901778, 0.7417761940847744, 0.9406817409125241, 0.987740485234694, 1.1630963218483057, 1.2355164698579095, 1.3692794713107022, 1.329694197259166, 1.6376948343081907, 1.3039714154872026, 1.6303056268529459, 1.7393279660831797, 1.9027381084182047, 1.5635741553523324, 1.7628962172703309, 1.9469919076697393, 2.233517552641305, 2.1188264911825008, 1.9159952927719464, 2.3571281003003772, 2.4781928712671455, 2.4577453233978965, 2.5065726897933267, 2.6599971960891375, 2.6182532906532288, 2.779275641116229, 2.5808637071739544]}, "32": {"training_loss": [1.3437412159983069, 0.5354741630144417, 0.47772485250607133, 0.40099946421105415, 0.3022764641791582, 0.26292516307148617, 0.22378580109216273, 0.20498943347774912, 0.1976568233949365, 0.17580397028359585, 0.16222226957324892, 0.15074913661374012, 0.15121486301086406, 0.13712864369153976, 0.14558294325956922, 0.12733604836512313, 0.13397132008140034, 0.12464208787423559, 0.12421848550798131, 0.11319958673266228, 0.11432265589246526, 0.11489724320654204, 0.12099988723753086, 0.1112567385098373, 0.10720923366710622, 0.10387171760979186, 0.10538735009305356, 0.10435113616017588, 0.10051076750460197, 0.10045023110333773], "val_loss": [0.5960452386311123, 0.5019667616912297, 0.6021423574004855, 0.6201762078063828, 0.7180738172360829, 0.905041937317167, 0.8408794533461332, 1.0743767518017973, 1.2153513537985938, 0.9559001986469541, 1.2859599334853036, 1.2168292504336153, 1.288457210042647, 1.3594448555793082, 1.3240417162222522, 1.4673146594847952, 1.5267371535301208, 1.5086566901632719, 1.7587943587984358, 1.930752853197711, 2.406286634504795, 2.0042126359684125, 2.026358981217657, 2.0664090641907285, 2.0008527178849493, 2.3225408515759876, 2.2682774907776286, 2.3455308143581663, 2.479669513446944, 2.4615110073770796]}, "64": {"training_loss": [1.6803758712485433, 0.5620730244554579, 0.515503671951592, 0.35934778884984553, 0.3137144783977419, 0.25235907861497253, 0.22842442768160254, 0.20268378593027592, 0.19140771823003888, 0.17079119075788185, 0.1608737630303949, 0.14778331684647128, 0.1484086156124249, 0.1400943563785404, 0.1321335755637847, 0.1282455618493259, 0.12897900259122252, 0.12706249885377474, 0.11942591788829304, 0.12126075953710824, 0.11602400342235342, 0.11653913545887917, 0.1140559024643153, 0.10737355711171404, 0.10853305779164657, 0.10701865483133588, 0.10731412883615121, 0.1050961833097972, 0.10357720963656902, 0.10336993495002389], "val_loss": [0.624439897281783, 0.6069734586136681, 0.5843496535505567, 0.6064258430685315, 0.666059502533504, 0.708211253796305, 0.8672576823404857, 1.0351521245070867, 1.0272566761289323, 1.2016585682119643, 1.2744957421507155, 1.2864086415086473, 1.2218130699225835, 1.5630255596978324, 1.68699791601726, 1.7538024187088013, 1.5216889040810722, 1.505328791482108, 1.7728823593684606, 1.892444678715297, 1.7744170427322388, 1.5499470574515206, 1.735243797302246, 1.8854008146694727, 2.0664794955934798, 2.055561755384718, 2.234108260699681, 2.29782920224326, 2.3927181533404758, 2.423916612352644]}, "128": {"training_loss": [2.135013712570071, 0.6032110992819071, 0.4411018155515194, 0.36430942779406905, 0.28285892121493816, 0.257532998919487, 0.20048694522120059, 0.1800628723576665, 0.18229406932368875, 0.15587808936834335, 0.15421912563033402, 0.14930015546269715, 0.13708171900361776, 0.14628159860149026, 0.13173235626891255, 0.13183834007941186, 0.12323695863597095, 0.12352018989622593, 0.12172617646865547, 0.1196988052688539, 0.11305269063450396, 0.11323153448756784, 0.11032036028336734, 0.1080515927169472, 0.10547458939254284, 0.1067632365738973, 0.10439869563560933, 0.10431629791855812, 0.10226263722870499, 0.1023019072599709], "val_loss": [0.6970766357013157, 0.6616839383329663, 0.5051732999937875, 0.5408599206379482, 0.6429775612694877, 0.6883130158696856, 0.6571697337286813, 0.9295323491096497, 0.8170417462076459, 1.0341912337711878, 0.923936801297324, 0.9996821454593113, 1.2200348121779305, 1.151658066681453, 1.2250631196158273, 1.5207158837999617, 1.4489605597087316, 1.547421864100865, 1.405810032572065, 1.5561586277825492, 1.6033336094447546, 1.9631052017211914, 1.7645812034606934, 1.9740519183022636, 2.2549474579947337, 2.29254298550742, 2.4064589057649886, 2.4320319380078996, 2.502535036631993, 2.4995460510253906]}}