{"8": {"training_acc": [0.6552734375, 0.76953125, 0.787109375, 0.825927734375, 0.862548828125, 0.881103515625, 0.892333984375, 0.901611328125, 0.9013671875, 0.91064453125, 0.909423828125, 0.916015625, 0.915771484375, 0.9189453125, 0.919921875, 0.9208984375, 0.923583984375, 0.9248046875, 0.92724609375, 0.926025390625, 0.926513671875, 0.929931640625, 0.927001953125, 0.92822265625, 0.9287109375, 0.93310546875, 0.933837890625, 0.935546875, 0.934326171875, 0.936279296875], "val_acc": [0.7613636363636364, 0.7806818181818181, 0.7386363636363636, 0.7340909090909091, 0.7386363636363636, 0.7568181818181818, 0.7375, 0.75, 0.7534090909090909, 0.7511363636363636, 0.7352272727272727, 0.7454545454545455, 0.7295454545454545, 0.7375, 0.7295454545454545, 0.7284090909090909, 0.7340909090909091, 0.7227272727272728, 0.7181818181818181, 0.7204545454545455, 0.7306818181818182, 0.7193181818181819, 0.7136363636363636, 0.7090909090909091, 0.7079545454545455, 0.7079545454545455, 0.6977272727272728, 0.6954545454545454, 0.6931818181818182, 0.6920454545454545]}, "16": {"training_acc": [0.6206597222222222, 0.7608506944444444, 0.8010796440972222, 0.8290744357638888, 0.8626030815972222, 0.8792588975694444, 0.8929307725694444, 0.9004448784722222, 0.906005859375, 0.9124077690972222, 0.9158257378472222, 0.9189453125, 0.9229058159722222, 0.92431640625, 0.9233940972222222, 0.924072265625, 0.927001953125, 0.92822265625, 0.9275444878472222, 0.9287109375, 0.929931640625, 0.93115234375, 0.9307183159722222, 0.9314507378472222, 0.9310709635416666, 0.93359375, 0.932861328125, 0.9329155815972222, 0.935546875, 0.932861328125], "val_acc": [0.7435606060606061, 0.7909090909090909, 0.7215909090909091, 0.7643939393939394, 0.7390151515151515, 0.7477272727272727, 0.7613636363636364, 0.7458333333333333, 0.7390151515151515, 0.7348484848484848, 0.7416666666666666, 0.7321969696969698, 0.7424242424242424, 0.7435606060606061, 0.740909090909091, 0.7306818181818182, 0.7299242424242425, 0.740909090909091, 0.7268939393939393, 0.7223484848484848, 0.7178030303030303, 0.7053030303030302, 0.7189393939393939, 0.7166666666666667, 0.7276515151515152, 0.7075757575757575, 0.7196969696969697, 0.721969696969697, 0.7276515151515152, 0.7276515151515152]}, "32": {"training_acc": [0.60359375, 0.76884765625, 0.7914453125, 0.824228515625, 0.859873046875, 0.883828125, 0.89048828125, 0.899140625, 0.905693359375, 0.908310546875, 0.91294921875, 0.916748046875, 0.914169921875, 0.921494140625, 0.91880859375, 0.922890625, 0.9248046875, 0.926728515625, 0.92595703125, 0.92822265625, 0.92826171875, 0.929794921875, 0.93181640625, 0.932060546875, 0.93234375, 0.932548828125, 0.933037109375, 0.932900390625, 0.934921875, 0.935478515625], "val_acc": [0.71875, 0.7626488095238095, 0.7708333333333333, 0.7224702380952381, 0.7347470238095238, 0.7462797619047619, 0.7548363095238095, 0.7555803571428571, 0.7589285714285714, 0.7429315476190476, 0.7570684523809524, 0.7514880952380952, 0.7581845238095238, 0.771577380952381, 0.7533482142857143, 0.7447916666666667, 0.7384672619047619, 0.7600446428571429, 0.7328869047619048, 0.7470238095238095, 0.7447916666666667, 0.732514880952381, 0.7380952380952381, 0.7369791666666667, 0.7261904761904762, 0.7302827380952381, 0.7313988095238095, 0.7302827380952381, 0.7291666666666667, 0.7302827380952381]}, "64": {"training_acc": [0.5325734991776315, 0.7540989925986842, 0.774084258497807, 0.8401864035087719, 0.858312774122807, 0.8777198122258771, 0.8947496916118421, 0.894933867872807, 0.9011573122258771, 0.9041769462719298, 0.9124477453399122, 0.9176646450109649, 0.9147992050438597, 0.9148591694078947, 0.9210226493969298, 0.9222133703399122, 0.9247147409539473, 0.9243806537828947, 0.9268820243969298, 0.9274602521929824, 0.9297817297149122, 0.9293833950109649, 0.9290493078399122, 0.9320689418859649, 0.9309724506578947, 0.9320389597039473, 0.9309724506578947, 0.9330155222039473, 0.9330455043859649, 0.9334738212719298], "val_acc": [0.7059659090909091, 0.7636972402597403, 0.7636972402597403, 0.7722199675324675, 0.7564935064935066, 0.7320413961038961, 0.7598417207792209, 0.7660308441558442, 0.7565949675324675, 0.7454342532467532, 0.7521306818181818, 0.7543628246753247, 0.7538555194805195, 0.7571022727272727, 0.7432021103896104, 0.7559862012987013, 0.7587256493506495, 0.7643060064935066, 0.7442167207792209, 0.7469561688311688, 0.7487824675324675, 0.7504058441558442, 0.7492897727272727, 0.7454342532467532, 0.7437094155844156, 0.7387378246753247, 0.7275771103896104, 0.7320413961038961, 0.7286931818181818, 0.7320413961038961]}, "128": {"training_acc": [0.46233979532541325, 0.7317540192407025, 0.8084282993285123, 0.8353826349431818, 0.8623087228822314, 0.875074654571281, 0.892164498321281, 0.9045874225206612, 0.9019159994834711, 0.9099726401084711, 0.9151278409090909, 0.9139353854597108, 0.9160761557334711, 0.9175127518078512, 0.9215178686725206, 0.9205130584969008, 0.9210013397469008, 0.9244051846590909, 0.9252223495609504, 0.9249499612603306, 0.9276213842975206, 0.9278796487603306, 0.9297904022469008, 0.9303634265237604, 0.930982857696281, 0.9315558819731405, 0.9315135104597108, 0.9317435272469008, 0.9313117413481405, 0.9315276342975206], "val_acc": [0.743923611111111, 0.7721560846560847, 0.7639302248677249, 0.7762070105820106, 0.7875744047619048, 0.744130291005291, 0.7652529761904762, 0.7766203703703703, 0.7459490740740741, 0.7619047619047619, 0.7601686507936508, 0.7661623677248678, 0.7525628306878307, 0.7470651455026455, 0.7633101851851851, 0.7722387566137565, 0.7628141534391535, 0.7693039021164021, 0.7547949735449736, 0.7605820105820106, 0.7681878306878307, 0.7659556878306878, 0.7552910052910053, 0.7568204365079365, 0.753968253968254, 0.7573164682539683, 0.7588458994708994, 0.7588458994708994, 0.7564070767195767, 0.7588458994708994]}}