{"32": {"training_loss": [0.7972655007615685, 0.523258987814188, 0.46788552339421585, 0.3977897799341008, 0.3955821414128877, 0.4117732443846762, 0.5237306185299531, 0.45690686540910974, 0.44504772615619004, 0.45106222631875426, 0.4472864572308026, 0.47298218903597444, 0.46660952823003754, 0.49578034575097263, 0.4264845030847937, 0.5262806144892238, 0.43332738272147253, 0.4017528630211018, 0.39236168831121176, 0.3467967704636976, 0.37888983747689053, 0.3414988063450437, 0.3281564113276545, 0.3136696479341481, 0.2912130089243874, 0.3214925635547843, 0.28854385660088155, 0.2805315225268714, 0.27191419556038454, 0.2628703364462126], "val_loss": [0.5912334557090487, 0.6011474430561066, 0.6649036455367293, 0.6085250345723969, 0.7987073404448373, 0.8691459436501775, 0.9762455906186785, 1.0329651364258357, 0.7999588304332325, 0.8649829093899045, 0.8438759914466313, 0.7815315111407212, 0.8954554487551961, 0.7235070126397269, 0.8435216695070267, 0.9833925366401672, 0.7987719369786126, 0.9139921675835337, 0.858682951756886, 0.9609040500862258, 0.8452346580369132, 0.9325420792613711, 0.9870124725358826, 0.9188568325979369, 0.9612519208874021, 0.9274613176073346, 0.9967625364661217, 0.9078263246587345, 0.9617626571229526, 0.9613477332251412]}, "16": {"training_loss": [0.7834046347416006, 0.588684079790255, 0.6608746630881797, 1.0378861473873258, 1.1193308560177684, 1.0965663664974272, 1.0963098041247576, 1.0968904104083776, 1.0951326277572662, 1.1272857231087983, 1.1058247569017112, 1.090786644257605, 1.112072620773688, 1.119351375149563, 1.1169273452833295, 1.1198490946553648, 1.1226191399618983, 1.1215140158310533, 1.1183519228361547, 1.1143970130942762, 1.119248513597995, 1.1084160197060555, 1.1093854100909084, 1.1139730922877789, 1.1100770900957286, 1.1085022781044245, 1.1050749400164932, 1.1057536704465747, 1.1066505732014775, 1.1034907090943307], "val_loss": [0.5257855027914047, 0.6187649022449146, 0.8917751978744161, 1.0901338295503096, 1.1188407876274802, 1.0835940491069447, 1.0712860735979948, 1.0950297052210027, 1.1002829107371244, 1.1007572976025668, 1.0900884140621532, 1.1701475815339522, 1.1411519440737639, 1.1148949265480042, 1.1083797324787488, 1.101239928332242, 1.0983645915985107, 1.1150353702631863, 1.1149635022336786, 1.101821279525757, 1.1008818453008478, 1.1023517803712324, 1.111608210476962, 1.0982034856622869, 1.106000699780204, 1.0983734347603538, 1.1043852372602982, 1.09968308318745, 1.099004899371754, 1.0979245055805553]}, "64": {"training_loss": [0.857241622172296, 0.5215534255839884, 0.37970518856309354, 0.34997340966947377, 0.3088872154476121, 0.3983598736813292, 0.29104933119378984, 0.3003857643343508, 0.2732452346244827, 0.24656511994544417, 0.2255941714392975, 0.2104118529241532, 0.31816950254142284, 0.2631795689230785, 0.211530763306655, 0.21031224529724568, 0.2039610018255189, 0.19515278504695743, 0.17998468375299126, 0.18223829643102363, 0.170598215830978, 0.17347289546160027, 0.16639885294716805, 0.1631632311618887, 0.14384279295336455, 0.1497762317303568, 0.1410583741380833, 0.12742454907856882, 0.13308579969452694, 0.12324587081093341], "val_loss": [0.598927595785686, 0.5426059769732612, 0.6003464502947671, 0.7087037584611348, 0.9065600569759097, 1.009781620332173, 1.0504225747925895, 0.9285272359848022, 0.885305119412286, 1.0928974534784044, 1.159488090447017, 1.2425195063863481, 1.012649757521493, 1.0959369455065047, 1.0467650251729148, 1.2485283826078688, 0.9606667969908033, 1.1278343669005804, 1.3485734462738037, 1.186495576586042, 1.2722566255501337, 1.1318427664893014, 1.2727843693324499, 1.3002849646977015, 1.4114407386098589, 1.4311689393860954, 1.4070791218961989, 1.474799164703914, 1.5000262260437012, 1.4695917793682642]}, "128": {"training_loss": [0.9712531715631485, 0.5459602707996964, 0.39469706267118454, 0.3268907289020717, 0.2650715112686157, 0.24440426332876086, 0.20486935251392424, 0.1934354507829994, 0.1674978439696133, 0.16488192742690444, 0.1745121036656201, 0.16836902359500527, 0.153954834677279, 0.14230955427046865, 0.13901628111489117, 0.15567002329044044, 0.16077447030693293, 0.15733737079426646, 0.13763443939387798, 0.13381729228422046, 0.1287386624608189, 0.12233444140292704, 0.12032307125627995, 0.11614791583269835, 0.12230116792488843, 0.11179173225536942, 0.11519628099631518, 0.10803650179877877, 0.10684305697213858, 0.10530093847773969], "val_loss": [0.6460158569472176, 0.5515440361840385, 0.5762305642877307, 0.595637879201344, 0.6814232468605042, 0.927169850894383, 0.8341126441955566, 0.9019748313086373, 0.9274982213973999, 0.9898126465933663, 1.1924913099833898, 0.9358353614807129, 1.1206586360931396, 1.2393512555531092, 1.359931366784232, 0.9775210533823285, 1.028818598815373, 0.9375540699277606, 1.234673023223877, 1.2771472930908203, 1.2813201291220528, 1.394862174987793, 1.3877317905426025, 1.613582764353071, 1.4897850411278861, 1.5817368541445052, 1.5827166182654244, 1.6069850410733904, 1.6597977706364222, 1.6794066088540214]}, "8": {"training_loss": [0.7851145693130093, 0.7509864765506791, 0.8031067657866515, 0.8804436446589534, 1.0424438760965131, 1.1421744152903557, 1.0311088112794096, 1.143405792186968, 1.1460150994826108, 1.1391867983620614, 1.1351686345878989, 1.1306892834836617, 1.1271504929754883, 1.136172185302712, 1.1233868788694963, 1.1184282762696967, 1.1298491066554561, 1.1201957935700193, 1.1191461527487263, 1.120854739099741, 1.1199351664399728, 1.1086147141177207, 1.1158293661428615, 1.110477795242332, 1.1105727520771325, 1.1064639503601938, 1.104249695315957, 1.1044265360105783, 1.1006225302116945, 1.1057458380237222], "val_loss": [0.6661908333274451, 1.0620434332977642, 0.7418394477529959, 0.9165208984505047, 1.1659226043657822, 1.1940609151666814, 1.1041551720012317, 1.1310218773104928, 1.139992424032905, 1.147858652201566, 1.1041915611787276, 1.1062277978116817, 1.1415253016081723, 1.1359783790328286, 1.1424501283602282, 1.1951464252038435, 1.107161435213956, 1.1029982778159055, 1.1166883067651228, 1.105005138570612, 1.0969658483158458, 1.1098003690893, 1.11652994426814, 1.1015241774645719, 1.0963934806260196, 1.1003758387132125, 1.1087390753355892, 1.0964342550797896, 1.096595112843947, 1.0962802594358272]}}