{"8": {"training_acc": [0.681884765625, 0.738525390625, 0.7236328125, 0.65087890625, 0.452880859375, 0.37744140625, 0.494140625, 0.35302734375, 0.35009765625, 0.363037109375, 0.352783203125, 0.347900390625, 0.353271484375, 0.34423828125, 0.372802734375, 0.380859375, 0.356689453125, 0.364990234375, 0.3603515625, 0.35009765625, 0.3583984375, 0.37353515625, 0.354248046875, 0.3662109375, 0.390625, 0.3671875, 0.38232421875, 0.376708984375, 0.379638671875, 0.385009765625], "val_acc": [0.7772727272727272, 0.3375, 0.7431818181818182, 0.7068181818181818, 0.5352272727272728, 0.5363636363636364, 0.3159090909090909, 0.5363636363636364, 0.3159090909090909, 0.5363636363636364, 0.5363636363636364, 0.14772727272727273, 0.5363636363636364, 0.5363636363636364, 0.3170454545454545, 0.14772727272727273, 0.3159090909090909, 0.3159090909090909, 0.14772727272727273, 0.3159090909090909, 0.5363636363636364, 0.3159090909090909, 0.3159090909090909, 0.5363636363636364, 0.5363636363636364, 0.3159090909090909, 0.3159090909090909, 0.5363636363636364, 0.5363636363636364, 0.5363636363636364]}, "16": {"training_acc": [0.6587456597222222, 0.7814127604166666, 0.7489963107638888, 0.5199924045138888, 0.42041015625, 0.4231770833333333, 0.4700249565972222, 0.435546875, 0.4472113715277778, 0.3507215711805556, 0.3902723524305556, 0.4604763454861111, 0.3763834635416667, 0.3602973090277778, 0.3580457899305556, 0.3578830295138889, 0.3304578993055556, 0.3369411892361111, 0.3589138454861111, 0.3301052517361111, 0.3286404079861111, 0.3536512586805556, 0.3553602430555556, 0.3335232204861111, 0.3604871961805556, 0.3608669704861111, 0.3600531684027778, 0.3778211805555556, 0.3344184027777778, 0.4040256076388889], "val_acc": [0.7753787878787879, 0.7541666666666667, 0.6560606060606061, 0.6151515151515152, 0.14696969696969697, 0.578030303030303, 0.5950757575757575, 0.17083333333333334, 0.14696969696969697, 0.5382575757575758, 0.18674242424242427, 0.41704545454545455, 0.5223484848484848, 0.4666666666666667, 0.3159090909090909, 0.5371212121212121, 0.5371212121212121, 0.5371212121212121, 0.3159090909090909, 0.5371212121212121, 0.5371212121212121, 0.14696969696969697, 0.3159090909090909, 0.5371212121212121, 0.3159090909090909, 0.3159090909090909, 0.3159090909090909, 0.5371212121212121, 0.3159090909090909, 0.5371212121212121]}, "32": {"training_acc": [0.585673828125, 0.7813671875, 0.813662109375, 0.841552734375, 0.854423828125, 0.8727734375, 0.823037109375, 0.844765625, 0.859560546875, 0.848671875, 0.8587890625, 0.8454296875, 0.851953125, 0.854111328125, 0.867998046875, 0.833466796875, 0.86833984375, 0.872734375, 0.87783203125, 0.8822265625, 0.888779296875, 0.892373046875, 0.882119140625, 0.89376953125, 0.89865234375, 0.896943359375, 0.903330078125, 0.903603515625, 0.90447265625, 0.904755859375], "val_acc": [0.7180059523809524, 0.736235119047619, 0.7697172619047619, 0.7354910714285714, 0.7730654761904762, 0.7671130952380952, 0.6681547619047619, 0.4188988095238095, 0.7540922619047619, 0.767485119047619, 0.7429315476190476, 0.7220982142857143, 0.7626488095238095, 0.7619047619047619, 0.7533482142857143, 0.7563244047619048, 0.7477678571428571, 0.7451636904761905, 0.7563244047619048, 0.7671130952380952, 0.767485119047619, 0.7708333333333333, 0.7604166666666667, 0.771577380952381, 0.7641369047619048, 0.7641369047619048, 0.7697172619047619, 0.775297619047619, 0.7663690476190476, 0.767485119047619]}, "64": {"training_acc": [0.5905247738486842, 0.7743583813048246, 0.821447539747807, 0.8432360197368421, 0.8690849438048246, 0.8694190309758771, 0.8825726425438597, 0.8868129797149122, 0.8881878769188597, 0.8960603412828947, 0.9007889597039473, 0.9055818256578947, 0.8926423725328947, 0.9012472587719298, 0.9035044887609649, 0.9117752878289473, 0.9148891515899122, 0.9141867118969298, 0.9162640487938597, 0.9182771381578947, 0.9214809484649122, 0.9205343681469298, 0.9187954015899122, 0.9209327028508771, 0.9210826137609649, 0.9220291940789473, 0.9229158100328947, 0.9237981428179824, 0.9246247944078947, 0.9243806537828947], "val_acc": [0.7554788961038961, 0.7594358766233766, 0.7565949675324675, 0.7615665584415584, 0.7636972402597403, 0.7643060064935066, 0.7503043831168831, 0.7687702922077922, 0.7676542207792209, 0.7547686688311688, 0.7532467532467532, 0.755275974025974, 0.7371144480519481, 0.7614650974025974, 0.7358969155844156, 0.7515219155844156, 0.7626826298701299, 0.7564935064935066, 0.7631899350649352, 0.7648133116883117, 0.7581168831168831, 0.7554788961038961, 0.7582183441558442, 0.7453327922077922, 0.7531452922077922, 0.7486810064935066, 0.7481737012987013, 0.7475649350649352, 0.7542613636363636, 0.7520292207792209]}, "0.00003": {}, "128": {"training_acc": [0.5234596946022727, 0.7457870609504132, 0.8196587680785123, 0.8467260943956612, 0.8772860440340909, 0.8891924393078512, 0.8987845428719008, 0.900221138946281, 0.9078459936725206, 0.9128599560950413, 0.9106626904700413, 0.9148978241219008, 0.9167944537706612, 0.9178557592975206, 0.9199824057334711, 0.9227809433109504, 0.9215037448347108, 0.9224803073347108, 0.9231844815340909, 0.9247199444731405, 0.9254523663481405, 0.9256400116219008, 0.9258841522469008, 0.927564888946281, 0.9268748385847108, 0.9279078964359504, 0.9298186499225206, 0.9300345428719008, 0.932203560821281, 0.9312976175103306], "val_acc": [0.683531746031746, 0.728298611111111, 0.7844328703703703, 0.7657490079365079, 0.7746775793650793, 0.7795552248677249, 0.7626901455026455, 0.7653356481481481, 0.7662450396825397, 0.7711226851851851, 0.7802579365079365, 0.7548776455026455, 0.7700066137566137, 0.7829034391534392, 0.7746775793650793, 0.7757936507936508, 0.7720320767195767, 0.7684771825396826, 0.7748842592592593, 0.7628141534391535, 0.763723544973545, 0.7760003306878307, 0.759548611111111, 0.7668650793650793, 0.7653356481481481, 0.7610780423280422, 0.7568204365079365, 0.7543816137566137, 0.755704365079365, 0.7532655423280422]}}