{"b_8_lr_0.00005": {"training_acc": [0.5244140625, 0.76416015625, 0.80810546875, 0.8447265625, 0.88232421875, 0.892333984375, 0.900634765625, 0.907958984375, 0.90625, 0.9130859375, 0.916259765625, 0.9169921875, 0.919921875, 0.921142578125, 0.924072265625, 0.923583984375, 0.92578125, 0.92724609375, 0.928466796875, 0.92919921875, 0.933837890625, 0.93212890625, 0.93115234375, 0.9306640625, 0.9326171875, 0.933837890625, 0.9345703125, 0.93408203125, 0.934326171875, 0.935302734375], "val_acc": [0.75, 0.7613636363636364, 0.759090909090909, 0.775, 0.7840909090909091, 0.7897727272727273, 0.7954545454545454, 0.7886363636363637, 0.775, 0.7579545454545454, 0.775, 0.7659090909090909, 0.7545454545454545, 0.7715909090909091, 0.7636363636363637, 0.7659090909090909, 0.7579545454545454, 0.7602272727272728, 0.7602272727272728, 0.7556818181818182, 0.7488636363636364, 0.7488636363636364, 0.7488636363636364, 0.7465909090909091, 0.7443181818181818, 0.7477272727272727, 0.7477272727272727, 0.7477272727272727, 0.7477272727272727, 0.7465909090909091]}, "b_16_lr_0.0001": {"training_acc": [0.5651584201388888, 0.7663845486111112, 0.8101128472222222, 0.8528917100694444, 0.8814019097222222, 0.8937174479166666, 0.9019097222222222, 0.908203125, 0.90869140625, 0.9111328125, 0.9149034288194444, 0.9177788628472222, 0.9187554253472222, 0.92236328125, 0.924560546875, 0.923828125, 0.926025390625, 0.926513671875, 0.9258355034722222, 0.9280327690972222, 0.9287109375, 0.9261881510416666, 0.9273546006944444, 0.9294976128472222, 0.930419921875, 0.9317491319444444, 0.931640625, 0.931640625, 0.93310546875, 0.9326171875], "val_acc": [0.7128787878787879, 0.7829545454545455, 0.7621212121212121, 0.7674242424242425, 0.7738636363636363, 0.774621212121212, 0.7829545454545455, 0.7806818181818181, 0.7795454545454545, 0.7738636363636363, 0.7803030303030303, 0.790530303030303, 0.7727272727272727, 0.7731060606060607, 0.7742424242424243, 0.7674242424242425, 0.759469696969697, 0.7609848484848485, 0.759469696969697, 0.7549242424242425, 0.7606060606060606, 0.7662878787878789, 0.7571969696969697, 0.7583333333333334, 0.7628787878787879, 0.7560606060606061, 0.7583333333333334, 0.7606060606060606, 0.7549242424242425, 0.7560606060606061]}, "b_8_lr_0.01": {"training_acc": [0.419921875, 0.34326171875, 0.352783203125, 0.358642578125, 0.350341796875, 0.3466796875, 0.337646484375, 0.3466796875, 0.336669921875, 0.342041015625, 0.339111328125, 0.348388671875, 0.342529296875, 0.35009765625, 0.3369140625, 0.36376953125, 0.337890625, 0.346435546875, 0.339111328125, 0.35595703125, 0.337646484375, 0.357666015625, 0.357666015625, 0.33349609375, 0.350830078125, 0.357421875, 0.34033203125, 0.341552734375, 0.34716796875, 0.348388671875], "val_acc": [0.14772727272727273, 0.3159090909090909, 0.3159090909090909, 0.3159090909090909, 0.5363636363636364, 0.3159090909090909, 0.3159090909090909, 0.3159090909090909, 0.5363636363636364, 0.3159090909090909, 0.14772727272727273, 0.3159090909090909, 0.3159090909090909, 0.14772727272727273, 0.5363636363636364, 0.14772727272727273, 0.14772727272727273, 0.5363636363636364, 0.14772727272727273, 0.14772727272727273, 0.3159090909090909, 0.14772727272727273, 0.3159090909090909, 0.5363636363636364, 0.3159090909090909, 0.5363636363636364, 0.14772727272727273, 0.3159090909090909, 0.5363636363636364, 0.5363636363636364]}, "b_16_lr_0.005": {"training_acc": [0.4845920138888889, 0.3209364149305556, 0.3347981770833333, 0.329833984375, 0.3358832465277778, 0.3435872395833333, 0.3316786024305556, 0.3520779079861111, 0.3318684895833333, 0.3245985243055556, 0.3341200086805556, 0.3301595052083333, 0.3468695746527778, 0.3471137152777778, 0.34619140625, 0.3407660590277778, 0.3378363715277778, 0.3355848524305556, 0.32373046875, 0.3229437934027778, 0.3240017361111111, 0.3448079427083333, 0.3473578559027778, 0.3471408420138889, 0.3789876302083333, 0.3727756076388889, 0.3814832899305556, 0.4294162326388889, 0.4125705295138889, 0.4980740017361111], "val_acc": [0.5371212121212121, 0.5371212121212121, 0.14696969696969697, 0.5371212121212121, 0.3159090909090909, 0.14696969696969697, 0.5371212121212121, 0.3159090909090909, 0.5371212121212121, 0.3159090909090909, 0.3159090909090909, 0.14696969696969697, 0.14696969696969697, 0.14696969696969697, 0.5371212121212121, 0.14696969696969697, 0.3159090909090909, 0.14696969696969697, 0.14696969696969697, 0.3159090909090909, 0.14696969696969697, 0.14696969696969697, 0.14696969696969697, 0.5371212121212121, 0.5371212121212121, 0.5371212121212121, 0.3159090909090909, 0.5371212121212121, 0.5371212121212121, 0.5371212121212121]}}