{"b_8_lr_0.00005": {"training_loss": [0.956588709843345, 0.5733189051170484, 0.4781962629476766, 0.38499355895783083, 0.2741163781774958, 0.2575328171831188, 0.23000845355750243, 0.18990150865857913, 0.21559296791795646, 0.18912398802345365, 0.18874442525114432, 0.17809218081838196, 0.16553068827573725, 0.154364720819558, 0.15335566975085158, 0.14515242193706612, 0.13061723856244356, 0.14049664111373517, 0.14913198723613164, 0.14394639340329718, 0.1188430909523035, 0.13409000384894654, 0.12015385251703847, 0.12163473415516535, 0.1159247275263553, 0.12607791950547664, 0.12160374702892796, 0.11866727619114315, 0.11468575604392761, 0.12127947417218721], "val_loss": [0.6311560460112312, 0.5557335334067995, 0.6363249319690195, 0.6688499745997516, 1.0247464259493757, 0.8981543665190904, 0.9180775936280208, 0.941722943070768, 0.9516623868019617, 1.4189229085856245, 1.190220928776332, 1.5152524026018166, 1.2593530276464828, 1.7957034712476094, 1.5444821698337117, 1.6051072254585796, 1.9095762225098787, 1.8975613622903686, 1.7388791628796423, 1.8556916264883263, 2.1016609853192096, 1.898422732619722, 2.043022812637917, 2.04836036162861, 2.1049692587539375, 2.1685088047620327, 2.185860034415468, 2.155273001937365, 2.2983290269229903, 2.2908382036709143]}, "b_16_lr_0.0001": {"training_loss": [0.8933033430948853, 0.5278783484827727, 0.4256252093036892, 0.3424092638579168, 0.2767272226719797, 0.23025307694388175, 0.21605769055850033, 0.21082211760449354, 0.19194213556238537, 0.1744946279029591, 0.18107669179107688, 0.15768933907475002, 0.14882897208644863, 0.16228824055315272, 0.13358171517177198, 0.15369645776422658, 0.1413153883843279, 0.14245403952543256, 0.13030936808064553, 0.13147016819806367, 0.1429020796526288, 0.12499559828552265, 0.11779967218103593, 0.13297112396182342, 0.11569422586606493, 0.11910705369697894, 0.11077293347187833, 0.11906453587769761, 0.1074760032855977, 0.1091599823539866], "val_loss": [0.6167268536307595, 0.5401337811892682, 0.6820760702544992, 0.6282551987604661, 0.7726214372298934, 0.8943201988258145, 0.9792596537958492, 0.9876918717985973, 0.9918925781480291, 1.035612171346491, 1.0236333298412237, 1.1945789194919847, 1.3226838771592486, 1.1139035587961024, 1.372209891575304, 1.3800199484621936, 1.5723784442652355, 1.4146202511408112, 1.9256033291870898, 1.6795759073712608, 1.4132400612939489, 1.6480039985342458, 1.947463332252069, 1.8008275640281763, 1.7029857369986448, 1.8378938921473242, 1.9218908334320242, 1.8308583090928467, 1.9552590695294467, 1.996536798504266]}, "b_8_lr_0.01": {"training_loss": [1.2290682656457648, 1.7527487689003465, 2.0338079670618754, 2.2493606498173904, 2.453692556824535, 2.22167595391511, 2.0827991290716454, 2.2346794985351153, 2.096115224499954, 2.110315888276091, 2.2186492860200815, 2.0270828354696278, 1.903459653898608, 1.8979785360279493, 1.8629787786630914, 1.7290242635644972, 1.760154105053516, 1.6838112401310354, 1.7597933926153928, 1.657006501860451, 1.5087412279099226, 1.5401616703020409, 1.4243201207136735, 1.4276250846451148, 1.3716135335271247, 1.3269329209579155, 1.2728701810119674, 1.247519787226338, 1.2078214891953394, 1.1623948398046196], "val_loss": [1.1007717110893942, 3.7485065145926044, 5.292550568147139, 2.116484613310207, 2.681308180432428, 3.0555100245909257, 1.3395517603917555, 2.2212139021266593, 3.4623999894173307, 1.4096866434270685, 1.641386344757947, 1.24345528754321, 1.7019771120764993, 1.2982242784716866, 2.3244608560746367, 1.2506444492123343, 1.5164682312445208, 1.3644623799757525, 2.2191396366466174, 1.9954237509857524, 1.3478415472940966, 1.320028713616458, 1.6367202141068198, 1.5888808830217882, 1.78877393765883, 1.3541542898524892, 1.1358743759718808, 1.259705626964569, 1.1083480098030785, 1.1011568221178922]}, "b_16_lr_0.005": {"training_loss": [1.0347972032614052, 1.3273176203947514, 1.4561577977146953, 1.4318054935429245, 1.414843691745773, 1.4293705632444471, 1.4514218668919057, 1.4249864805024117, 1.5046302091795951, 1.2932386563625187, 1.309736822731793, 1.292775415815413, 1.3038236475549638, 1.2699065080378205, 1.2317938536871225, 1.2332763993181288, 1.1945609543472528, 1.2005630226340145, 1.1872477794531733, 1.1436817694921046, 1.1273933800403029, 1.1189126826357096, 1.1098035268951207, 1.1051896740682423, 1.1035976498387754, 1.103533759713173, 1.1014553559944034, 1.0988997269887477, 1.0993291730992496, 1.0989520521834493], "val_loss": [1.3617602998560125, 1.2268163204193114, 1.1516672231934286, 1.286837875843048, 1.2425502343611283, 1.3056656078858808, 1.4606565377928995, 1.1037035660310226, 1.121219096400521, 1.3362429933114486, 1.0994146563790061, 1.3021015318957243, 1.2765390732071615, 1.1077861179005015, 1.2426393834027376, 1.1429730241948908, 1.1588284167376433, 1.157339422269301, 1.1521861694075846, 1.1313191424716602, 1.1013743205503983, 1.1071434064344927, 1.103661385449496, 1.0994269522753628, 1.098692005330866, 1.0981441151012075, 1.0997380950234152, 1.0985156991265037, 1.0997349934144454, 1.0977508696642788]}}