{"frozen_1_2": {"training_loss": [1.5581071604974568, 0.584965851623565, 0.5025528660044074, 0.43708983552642167, 0.3897222741506994, 0.3151724310591817, 0.2831727913580835, 0.20789552677888423, 0.19651195732876658, 0.1725642781239003, 0.17279012047220021, 0.16115566837834194, 0.15359682741109282, 0.13828690577065572, 0.12831744487630203, 0.12739026744384319, 0.11889978795079514, 0.13647935530752875, 0.12860740546602756, 0.11852046742569655, 0.10956700600218028, 0.10937240696512163, 0.10946198558667675, 0.10943463467992842, 0.11237564776092768, 0.10283823581994511, 0.10374411341035739, 0.10375734479748644, 0.10233842907473445, 0.102007643901743, 0.10161710629472509, 0.0998702454380691, 0.09783734084339812, 0.09629064457840286, 0.09837517357664183, 0.0959610128775239, 0.09567627788055688, 0.09480564499972388, 0.09392382140504196, 0.09413936111377552], "val_loss": [0.5861302763223648, 0.6489809645073754, 0.5750027469226292, 0.6358941239970071, 0.7165898297514234, 0.9924290648528508, 0.9704965757472175, 0.9754776060581207, 1.3873324223927088, 1.6032755332333701, 1.3881357397351946, 1.4153762928077154, 1.7102576111044203, 1.8616210307393755, 2.1374229959079196, 2.1321812186922346, 2.422645330429077, 1.8052206890923637, 1.8818703378949846, 1.7199804527418954, 2.3495860440390453, 2.74882686989648, 2.6405286533491954, 2.82741973229817, 2.264845601149968, 2.404299029282161, 2.8657995632716586, 2.8090682285172597, 2.657219801630293, 3.1013618537357877, 3.288843103817531, 3.2487397023609708, 3.1683983291898454, 3.4155744314193726, 3.1953399862561906, 3.328150204249791, 3.248234987258911, 3.431721704346793, 3.437885590962001, 3.4528706754956926]}, "frozen_1_4": {"training_loss": [1.6537797725759447, 0.5635292106308043, 0.4850177951157093, 0.43052753061056137, 0.36942188162356615, 0.3083756500855088, 0.26607856154441833, 0.2194829588988796, 0.20575334085151553, 0.207324247690849, 0.16431447234936059, 0.1660128315561451, 0.1635770130669698, 0.1365989970508963, 0.1368229685467668, 0.13006170390872285, 0.1362981061975006, 0.1323577999137342, 0.12388011685106903, 0.1181035207118839, 0.11355701071443036, 0.1168617187649943, 0.1143779072444886, 0.11435057046764996, 0.11294200472184457, 0.11071172868832946, 0.10598889540415257, 0.1067906015086919, 0.10764432547148317, 0.10695260064676404, 0.10386992181884125, 0.10400237387511879, 0.10109941894188523, 0.10046942069311626, 0.09975177558953874, 0.1004852446494624, 0.09874601280898787, 0.09716561631648801, 0.09799853357253596, 0.0969883420621045], "val_loss": [0.5517672683511462, 0.5567711463996342, 0.6035919232027871, 0.5260859302112034, 0.5786772561924798, 0.7245167429958072, 0.6901309681790215, 0.8683213463851384, 1.1386868229934148, 1.0669090918132238, 1.107580874647413, 1.3619874588080816, 1.3327894721712386, 1.6566249302455358, 1.6160676223891122, 1.7239283791610174, 1.645067321402686, 1.6301632693835668, 1.8131309832845415, 2.011016241141728, 1.8358107209205627, 1.8474286454064506, 1.904961279460362, 1.8214916927473885, 1.897861591407231, 2.1877971717289517, 2.11172924722944, 2.458410237516676, 2.168185906750815, 2.2236465215682983, 2.2440040750162944, 2.336967851434435, 2.642445538725172, 2.5765290430613925, 2.7468718460627963, 2.756638756820134, 2.8297244906425476, 2.85173442534038, 2.8794454591614858, 2.8963408299854825]}, "frozen_1_6": {"training_loss": [1.7741077179089189, 0.5543626081198454, 0.45890832296572626, 0.39215950202196836, 0.3429090983700007, 0.2759113343199715, 0.23101581260561943, 0.20122648729011416, 0.192497008072678, 0.17180658917641267, 0.17269263981143013, 0.16157957183895633, 0.15276546473614872, 0.15234515495831147, 0.129595605423674, 0.13109475967939943, 0.13083147154247854, 0.13482828141422942, 0.13123256067046896, 0.12855217640753835, 0.12320663227001205, 0.1198031953535974, 0.12758306454634294, 0.11628470054711215, 0.11129365573287942, 0.11200097778055351, 0.10972859087632969, 0.10938434087438509, 0.10743746621301398, 0.10655978508293629, 0.10732768476009369, 0.10567784492741339, 0.10160548856947571, 0.10770693264203146, 0.1033564689278137, 0.10216151579516008, 0.09925954783102497, 0.09950244476203807, 0.1002843578462489, 0.10121357743628323], "val_loss": [0.5768700199467796, 0.5182745201247079, 0.5539449900388718, 0.6769413203001022, 0.600437730550766, 0.659573603953634, 0.6642436172280993, 1.0126201936176844, 1.034193373152188, 0.9197377881833485, 1.0215777201311929, 1.0651059661592757, 1.363520656313215, 1.0937585809401102, 1.513694473675319, 1.3993356355598994, 1.4656656341893333, 1.1952544152736664, 1.5005426023687636, 1.6152689925261907, 1.5671438872814178, 1.4942349621227808, 1.5282824678080422, 1.6005779377051763, 1.7545293314116341, 1.9212624175207955, 1.9271121535982405, 1.8466832212039404, 1.970952102116176, 1.9902473943574088, 2.0149314999580383, 2.2108159490994046, 2.3252031973430087, 2.3751289163317, 2.224885872432164, 2.3600697261946544, 2.4626667158944264, 2.500447452068329, 2.4773429206439426, 2.465271898678371]}, "frozen_1_8": {"training_loss": [1.6943780137225986, 0.5743176215328276, 0.43489624885842204, 0.3666332894936204, 0.31796307780314237, 0.2758564918767661, 0.26025853119790554, 0.22005555487703532, 0.18127813294995576, 0.16624091018456966, 0.16823400964494795, 0.15177558379946277, 0.1475669591454789, 0.1313734563300386, 0.13911996909882873, 0.14336969080613926, 0.1377247193013318, 0.12040457758121192, 0.12281524430727586, 0.1167704007239081, 0.115043057478033, 0.12333107314771041, 0.11556327668949962, 0.11297045485116541, 0.1127652921131812, 0.10889702942222357, 0.11299843233427964, 0.11111297958996147, 0.11563641566317528, 0.10880649654427543, 0.10597263107774779, 0.10509241820545867, 0.10185835242737085, 0.10259135422529653, 0.10008311609271914, 0.10020779955084436, 0.09952061594231054, 0.09930004127090797, 0.09779900423018262, 0.09715403319569305], "val_loss": [0.6878427522523063, 0.5335145805563245, 0.6182271540164948, 0.5812984215361732, 0.6802898496389389, 0.9744524955749512, 1.1172704824379511, 0.7356076517275402, 1.1706879053797041, 1.4497040382453374, 1.3656283829893385, 1.5829184736524309, 1.209083420889718, 1.807857300554003, 1.4909838054861342, 1.5719959395272392, 1.727482795715332, 1.9219739777701241, 1.932134177003588, 2.0091410790170943, 1.9269094211714608, 1.9359160576547896, 2.042428876672472, 2.1610604354313443, 1.815171446119036, 1.9629752465656825, 1.7687313982418604, 2.3203785845211575, 2.169429753507887, 2.105105527809688, 2.5346081597464427, 2.7012330208505904, 2.739127976553781, 2.7492909176009044, 2.8074774060930525, 2.9699792521340505, 2.864846646785736, 2.913147917815617, 2.9172497306551253, 2.92206278017589]}, "frozen_1_10": {"training_loss": [2.462590968236327, 0.7290912931784987, 0.45639676810242236, 0.3574212766252458, 0.293325602542609, 0.25231444579549134, 0.19879748462699354, 0.18420566280838102, 0.16798827704042196, 0.16316041245590895, 0.1411649421788752, 0.14360372145893052, 0.13476722268387675, 0.12837995024165139, 0.1267266888753511, 0.1257939609931782, 0.12092160402971786, 0.12437291909009218, 0.12047791740042157, 0.1079046665399801, 0.10945945332059637, 0.11668435501633212, 0.11556887574261054, 0.1080918244260829, 0.11276779678883031, 0.105803136510076, 0.10726948291994631, 0.11310128474724479, 0.10245356685481966, 0.10200616414658725, 0.10291869519278407, 0.10110864069429226, 0.09920367150334641, 0.10343440459109843, 0.09917987728840671, 0.09811720321886241, 0.09748843629495241, 0.09655269185896032, 0.09701431362191215, 0.09680685464991257],