{"frozen_1_10": {"training_loss": [0.8534594911616296, 0.5139121658867225, 0.35786120512057096, 0.32304020508308895, 0.2910089822835289, 0.29709118214668706, 0.2978072698460892, 0.27036329271504655, 0.2560852375609102, 0.22116096419631504, 0.2259092450767639, 0.21943150379229337, 0.21400660058498033, 0.19701406129752286, 0.19797255002049496, 0.16314923981553875, 0.17161678065167507, 0.15545054204267217, 0.15931930076658318, 0.156756434232193, 0.1534870519390097, 0.15537415992002934, 0.16027760300676164, 0.1560967954692387, 0.14210096294482355, 0.14032765713545814, 0.14899777970276773, 0.13823487449462846, 0.12296844835509546, 0.1308017743867822, 0.12515418790917465, 0.12093178023224027, 0.11308056422240043, 0.1121370012110674, 0.1134246839349089, 0.11021903937944444, 0.10370656850136584, 0.11101696674813866, 0.1012885420495877, 0.11372962136556453], "val_loss": [0.5444551237991878, 0.5106156255517688, 0.7100145220756531, 0.8210126917277064, 1.1045134418777056, 0.9220129890101296, 0.7225552201271057, 1.3028554107461656, 1.182073830493859, 0.9564099428909165, 1.06278878982578, 1.0548401328602008, 1.1314178705215454, 1.1539314176355089, 1.093165778688022, 1.375482331429209, 1.4385719927293914, 1.6260051748582296, 1.382865300135953, 1.6139583247048515, 1.2539470440575056, 1.9501323966043336, 1.5650106413023812, 1.3401706665754318, 1.7033423504659109, 1.698275361742292, 1.6823272385767527, 1.6737951636314392, 1.931011940751757, 1.8863665738276072, 1.9290409279721124, 1.8759241572448186, 1.9028500659125192, 1.9671528616121836, 2.0089928805828094, 1.9814314118453435, 2.1021415080342973, 2.2227937195982252, 2.290488315480096, 2.296593944941248]}, "frozen_1_8": {"training_loss": [0.8198288262356073, 0.5233138247858733, 0.40786881203530356, 0.4181552464142442, 0.4920446091564372, 0.5148633338976651, 0.47856109746498987, 0.44385309144854546, 0.3781536183669232, 0.37959899712586775, 0.37099217902868986, 0.3840374876745045, 0.34559393482049927, 0.317016171553405, 0.35781923128524795, 0.36126505068386905, 0.3403855038341135, 0.3404731575283222, 0.32990708760917187, 0.3157300763996318, 0.2823160022380762, 0.2801807261130307, 0.31470947168418206, 0.26846435823244974, 0.22614286869065836, 0.29345086570538115, 0.2457000752183376, 0.2418659254690283, 0.21794085305009503, 0.21261877425422426, 0.21273292529804166, 0.19797268345428165, 0.18996996107307496, 0.17709154701879015, 0.19972154972856515, 0.18227636652591173, 0.17912078728841152, 0.17305492675222922, 0.16785470355534926, 0.16194291041756514], "val_loss": [0.5511139865432467, 0.5683983564376831, 0.757582460130964, 0.6804344616830349, 0.7796127498149872, 0.7376228336777005, 0.7612969311220306, 0.8375360987016133, 0.9271979257464409, 0.902420983250652, 0.9956228073154177, 0.8321701873626027, 1.082857363990375, 1.1340146149907793, 0.9668751029031617, 1.0543646216392517, 0.9909258101667676, 0.9757539321269307, 1.1623842875872339, 1.1496558551277434, 1.071856186326061, 1.452367929475648, 1.0986431358116013, 1.034007384308747, 1.1673890980226653, 0.9709244232092585, 1.1380303757531303, 1.106907497559275, 1.3014232835599355, 1.26510446199349, 1.2779907541615623, 1.2699421793222427, 1.3152715872441019, 1.4100482996020998, 1.3142474666237831, 1.3455521847520555, 1.31517493724823, 1.3342372540916716, 1.3331302649208479, 1.3335691051823753]}, "frozen_1_2": {"training_loss": [0.797081480268389, 0.5621308762347326, 0.5555142804514617, 0.6726330178789794, 1.0209963689558208, 1.0047117741778493, 1.1234830562025309, 1.1090510049834847, 1.1092108003795147, 1.1068424843251705, 1.1039451090618968, 1.1064284620806575, 1.1046633692458272, 1.1015022303909063, 1.1005483288317919, 1.100958882831037, 1.100293243303895, 1.0999713279306889, 1.100045420229435, 1.0998098785057664, 1.1010358734056354, 1.1012065978720784, 1.100247853435576, 1.098990467377007, 1.0996538801118731, 1.1001236932352185, 1.0994084030389786, 1.099227868951857, 1.0992616452276707, 1.099344089627266, 1.098642054013908, 1.0996538056060672, 1.0990375708788633, 1.0991734340786934, 1.0991121642291546, 1.0985214468091726, 1.0985707538202405, 1.0985986376181245, 1.0984435435384512, 1.0982660735026002], "val_loss": [0.5974005428808076, 0.6448546775749752, 0.8937613612839154, 0.96590449235269, 1.063542629991259, 1.0542138772351402, 1.0997853875160217, 1.113648533821106, 1.106643638440541, 1.1042469952787672, 1.1054058777434486, 1.1084873165403093, 1.1000499299594335, 1.0991136474268777, 1.0985198276383537, 1.102571189403534, 1.0973435384886605, 1.0981135964393616, 1.0999680587223597, 1.0983019598892756, 1.0993169588702065, 1.0983005123479026, 1.0981579763548714, 1.099920732634408, 1.0987908967903681, 1.0982404947280884, 1.0988185278006963, 1.0983583884579795, 1.0982880805219923, 1.098250333751951, 1.098566668374198, 1.0980861740452903, 1.0981800981930323, 1.0982924061162131, 1.0981888600758143, 1.0981127236570631, 1.0982214297567094, 1.0982681385108404, 1.0982473833220345, 1.0982554129191808]}, "frozen_1_4": {"training_loss": [0.7998312530107796, 0.532550181960687, 0.5126368117053062, 0.5529692895943299, 0.8126699753338471, 0.9989705528132617, 1.1318136882036924, 1.1234028106555343, 1.1175323333591223, 1.109649756923318, 1.1087959678843617, 1.1058853715658188, 1.1032511591911316, 1.1036936696618795, 1.1064627524465322, 1.1003890978172421, 1.1012650905176997, 1.1022917022928596, 1.1009394777938724, 1.1009196331724524, 1.1004041088744998, 1.0999950766563416, 1.1007132260128856, 1.1002384293824434, 1.0993213281035423, 1.0992146898061037, 1.0994941722601652, 1.0992550877854228, 1.0993750058114529, 1.099277164787054, 1.0995031846687198, 1.0993947554379702, 1.0991837345063686, 1.0989880738779902, 1.0984176490455866, 1.0987300220876932, 1.098622533492744, 1.098740548826754, 1.0987305995076895, 1.0984754040837288], "val_loss": [0.5183821490832737, 0.6364670214908463, 0.8873934426477977, 0.9851734744650977, 0.9948599359818867, 1.095237169946943, 1.1048928201198578, 1.102946822132383, 1.1383789011410304, 1.12937707560403, 1.101915410586766, 1.1114781243460519, 1.0989327899047308, 1.1154113752501351, 1.1028255564825875, 1.102653797183718, 1.1061442238943917, 1.098176577261516, 1.0988304104123796, 1.1010313502379827, 1.0981775649956294, 1.0987450991358076, 1.0984962582588196, 1.098446786403656, 1.0994848438671656, 1.098139762878418, 1.0983890082154955, 1.099334648677281, 1.098756160054888, 1.0987747865063804, 1.0987838975020818, 1.0987818581717355, 1.098095851285117, 1.0984091886452265, 1.098134743315833, 1.0982804426125117, 1.0981950759887695, 1.0982587252344405, 1.0981678834983282, 1.0981906737600053]}, "frozen_1_6": {"training_loss": [0.8492969237267971, 0.5200066528050229, 0.4818146654870361, 0.559471653890796, 0.6074756953166798, 0.7721438037697226, 0.9091238989494741, 1.0270063998177648, 0.9744736701250076, 0.9447017563506961, 0.9350987784564495, 0.8987218658439815, 0.897393655963242, 0.8924077623523772, 0.9097686004824936, 0.9468661658465862, 0.8989478363655508, 0.9141276809386909, 0.9205418308265507, 0.9064838080666959, 0.9595665014348924, 1.0662002190947533, 1.0089836958795786, 0.9553183224052191, 0.9469264154322445, 0.9622950023040175, 0.9186999811790884, 0.897124033421278, 0.9044538890011609, 0.9015807057730854, 0.8660335377790034, 0.8642008183524013, 0.8923982386477292, 0.9068862665444613, 0.8985243332572281, 0.8898834669962525, 0.8893141765147448, 0.8912444403395057, 0.8886076621711254, 0.8845734945498407],