{"frozen_1_2": {"training_acc": [0.5695886444627193, 0.7548913788377193, 0.7778063322368421, 0.8122001781798246, 0.8247113144188597, 0.8604158100328947, 0.8692048725328947, 0.8959703947368421, 0.9004248903508771, 0.9072608278508771, 0.9122935512609649, 0.9132401315789473, 0.9194978412828947, 0.9242564418859649, 0.9249288993969298, 0.9246847587719298, 0.9264879728618421, 0.9264237253289473, 0.9278286047149122, 0.9285310444078947, 0.9307582922149122, 0.9302400287828947, 0.9305741159539473, 0.9327713815789473, 0.9324972587719298, 0.9343604372258771, 0.9336879797149122, 0.9342362253289473, 0.9339021381578947, 0.9364634731359649, 0.9353369997258771, 0.9354869106359649, 0.9371359306469298, 0.9373800712719298, 0.9362193325109649, 0.9376541940789473, 0.9376841762609649, 0.9372601425438597, 0.9378683525219298, 0.9383566337719298], "val_acc": [0.7510146103896104, 0.7538555194805195, 0.7535511363636364, 0.7696834415584416, 0.7365056818181818, 0.7469561688311688, 0.7570008116883117, 0.7558847402597403, 0.7413758116883117, 0.7464488636363636, 0.7352881493506495, 0.7253449675324675, 0.7258522727272727, 0.7180397727272727, 0.726359577922078, 0.7007913961038961, 0.6757305194805195, 0.713575487012987, 0.7207792207792209, 0.7102272727272727, 0.713474025974026, 0.7073863636363636, 0.7124594155844156, 0.710734577922078, 0.7191558441558442, 0.7096185064935066, 0.7096185064935066, 0.702922077922078, 0.6985592532467532, 0.710836038961039, 0.697950487012987, 0.7012987012987013, 0.7086038961038961, 0.7074878246753247, 0.7119521103896104, 0.7097199675324675, 0.710836038961039, 0.7113433441558442, 0.7113433441558442, 0.7113433441558442]}, "frozen_1_4": {"training_acc": [0.5486225328947368, 0.7515076754385965, 0.7909642269736842, 0.8067091557017544, 0.8331063253837719, 0.8623089706688597, 0.8706397341008771, 0.888830352247807, 0.8942913925438597, 0.8988058525219298, 0.9107087787828947, 0.9110728481359649, 0.9142509594298246, 0.9207485265899122, 0.9207785087719298, 0.9229158100328947, 0.9234640556469298, 0.9234040912828947, 0.9258754797149122, 0.9257512678179824, 0.9278286047149122, 0.9279185512609649, 0.9275844640899122, 0.9284068325109649, 0.9280427631578947, 0.9293534128289473, 0.9312165912828947, 0.9334438390899122, 0.9301158168859649, 0.9305441337719298, 0.9336879797149122, 0.9312765556469298, 0.9330754865679824, 0.9334438390899122, 0.9334138569078947, 0.9327413993969298, 0.9346945243969298, 0.9355168928179824, 0.9352127878289473, 0.9356411047149122], "val_acc": [0.760450487012987, 0.7565949675324675, 0.6964285714285714, 0.757711038961039, 0.7558847402597403, 0.7571022727272727, 0.7588271103896104, 0.7352881493506495, 0.749898538961039, 0.7475649350649352, 0.744724025974026, 0.7386363636363636, 0.7381290584415584, 0.736911525974026, 0.7541599025974026, 0.7424918831168831, 0.7381290584415584, 0.7303165584415584, 0.7140827922077922, 0.721387987012987, 0.7297077922077922, 0.7413758116883117, 0.7408685064935066, 0.7308238636363636, 0.744724025974026, 0.734172077922078, 0.734172077922078, 0.7346793831168831, 0.7375202922077922, 0.7285917207792209, 0.7174310064935066, 0.7252435064935066, 0.7257508116883117, 0.7168222402597403, 0.7207792207792209, 0.721286525974026, 0.713474025974026, 0.7168222402597403, 0.713474025974026, 0.7145900974025974]}, "frozen_1_6": {"training_acc": [0.5246367872807017, 0.7566945929276315, 0.788732695997807, 0.819494414747807, 0.8468981291118421, 0.8726228412828947, 0.8893486156798246, 0.8978335731907895, 0.9019197162828947, 0.9075649328399122, 0.9080232319078947, 0.909912109375, 0.9142809416118421, 0.9168122944078947, 0.9217550712719298, 0.9224575109649122, 0.9217550712719298, 0.9241065309758771, 0.9237081962719298, 0.9259954084429824, 0.9258754797149122, 0.9276744106359649, 0.9256313390899122, 0.9291392543859649, 0.9287751850328947, 0.9303299753289473, 0.9287751850328947, 0.9303299753289473, 0.9301158168859649, 0.9307582922149122, 0.9319789953399122, 0.9310324150219298, 0.9335637678179824, 0.9324672765899122, 0.9339321203399122, 0.9324972587719298, 0.9332296806469298, 0.9340520490679824, 0.9335337856359649, 0.9322231359649122], "val_acc": [0.7286931818181818, 0.7788149350649352, 0.7532467532467532, 0.6960227272727273, 0.7738433441558442, 0.7721185064935066, 0.7465503246753247, 0.7403612012987013, 0.7632913961038961, 0.7659293831168831, 0.7721185064935066, 0.7703936688311688, 0.734375, 0.7686688311688312, 0.7715097402597403, 0.7587256493506495, 0.752536525974026, 0.7454342532467532, 0.7519277597402597, 0.7531452922077922, 0.752536525974026, 0.7530438311688312, 0.7441152597402597, 0.7536525974025974, 0.7496956168831169, 0.7514204545454545, 0.7564935064935066, 0.7441152597402597, 0.760349025974026, 0.7408685064935066, 0.7397524350649352, 0.747463474025974, 0.741984577922078, 0.7463474025974026, 0.7519277597402597, 0.7491883116883117, 0.7535511363636364, 0.7485795454545455, 0.7490868506493505, 0.7479707792207791]}, "frozen_1_8": {"training_acc": [0.4758386444627193, 0.7464663856907895, 0.8060067160087719, 0.827306914747807, 0.8504060444078947, 0.8735394394188597, 0.8796129728618421, 0.8913916872258771, 0.8996924684758771, 0.9057017543859649, 0.9086614240679824, 0.9141567297149122, 0.9147692228618421, 0.9209926672149122, 0.9187054550438597, 0.9214809484649122, 0.9225174753289473, 0.9248989172149122, 0.9261795847039473, 0.9270961828399122, 0.9266678659539473, 0.9291392543859649, 0.9287751850328947, 0.9288951137609649, 0.9283168859649122, 0.9298716762609649, 0.9299659059758771, 0.9307882743969298, 0.9317648368969298, 0.9319789953399122, 0.9334738212719298, 0.9334438390899122, 0.9339920847039473, 0.9332896450109649, 0.9335337856359649, 0.9342362253289473, 0.9347844709429824, 0.9347245065789473, 0.9351228412828947, 0.9344803659539473], "val_acc": [0.7226055194805195, 0.7492897727272727, 0.7287946428571429, 0.7831777597402597, 0.7737418831168831, 0.7687702922077922, 0.7247362012987013, 0.7425933441558442, 0.7571022727272727, 0.7476663961038961, 0.7614650974025974, 0.7559862012987013, 0.7564935064935066, 0.7553774350649352, 0.7514204545454545, 0.7509131493506495, 0.7575081168831169, 0.752536525974026, 0.7469561688311688, 0.7357954545454545, 0.726461038961039, 0.7530438311688312, 0.7436079545454545, 0.7469561688311688, 0.7365056818181818, 0.7336647727272727, 0.7293019480519481, 0.7364042207792209, 0.7313311688311688, 0.7269683441558442, 0.729099025974026, 0.7268668831168831, 0.7302150974025974, 0.7257508116883117, 0.7235186688311688, 0.7257508116883117, 0.7257508116883117, 0.7257508116883117, 0.7268668831168831, 0.7268668831168831]}, "frozen_1_10": {"training_acc": [0.4215537623355263, 0.6796361019736842, 0.7962111088267544, 0.8383831894188597, 0.861242461622807, 0.8813519394188597, 0.8940772341008771, 0.9068367941337719, 0.9097022341008771, 0.9112570243969298, 0.9178188390899122, 0.9181529262609649, 0.9229457922149122, 0.9231299684758771, 0.9246847587719298, 0.9253572162828947, 0.9247147409539473, 0.9287751850328947, 0.9271261650219298, 0.9316106428179824, 0.9314907140899122, 0.9301158168859649, 0.9307582922149122, 0.9303599575109649, 0.9287751850328947, 0.9332596628289473, 0.9334138569078947, 0.9324972587719298, 0.9337779262609649, 0.9356710868969298, 0.9349086828399122, 0.9354569284539473, 0.9350286115679824, 0.9342062431469298, 0.9353669819078947, 0.9366476493969298, 0.9361593681469298, 0.936767578125, 0.9374400356359649, 0.9375942297149122],