{"frozen_1_10": {"training_acc": [0.5990625, 0.770830078125, 0.8323828125, 0.8649609375, 0.874375, 0.8805859375, 0.89244140625, 0.900986328125, 0.89994140625, 0.90380859375, 0.90775390625, 0.911591796875, 0.909638671875, 0.909462890625, 0.910263671875, 0.914169921875, 0.91591796875, 0.919853515625, 0.919189453125, 0.91703125, 0.9202734375, 0.91849609375, 0.918427734375, 0.92205078125, 0.924912109375, 0.926201171875, 0.92537109375, 0.9261328125, 0.927841796875, 0.928818359375, 0.931123046875, 0.93185546875, 0.932724609375, 0.93052734375, 0.9306640625, 0.931259765625, 0.932900390625, 0.9323046875, 0.93408203125, 0.93345703125], "val_acc": [0.7708333333333333, 0.7827380952380952, 0.7786458333333333, 0.7730654761904762, 0.7622767857142857, 0.7552083333333333, 0.7607886904761905, 0.7607886904761905, 0.7726934523809524, 0.7526041666666667, 0.787202380952381, 0.7689732142857143, 0.7496279761904762, 0.7574404761904762, 0.744047619047619, 0.7607886904761905, 0.7615327380952381, 0.7384672619047619, 0.7570684523809524, 0.7648809523809524, 0.7593005952380952, 0.7380952380952381, 0.7459077380952381, 0.7447916666666667, 0.7548363095238095, 0.7570684523809524, 0.7548363095238095, 0.7570684523809524, 0.7570684523809524, 0.7414434523809524, 0.7369791666666667, 0.7313988095238095, 0.740327380952381, 0.7414434523809524, 0.7447916666666667, 0.7392113095238095, 0.7380952380952381, 0.7392113095238095, 0.7425595238095238, 0.7425595238095238]}, "frozen_1_8": {"training_acc": [0.582421875, 0.775224609375, 0.823427734375, 0.837060546875, 0.826279296875, 0.831513671875, 0.8398828125, 0.848642578125, 0.87423828125, 0.8792578125, 0.88365234375, 0.88267578125, 0.8877734375, 0.8825390625, 0.881318359375, 0.88564453125, 0.88853515625, 0.89216796875, 0.893212890625, 0.88986328125, 0.89443359375, 0.8998046875, 0.903466796875, 0.9046484375, 0.908173828125, 0.9085546875, 0.91099609375, 0.912880859375, 0.912705078125, 0.916435546875, 0.91361328125, 0.915146484375, 0.91765625, 0.919228515625, 0.91716796875, 0.91466796875, 0.92009765625, 0.919892578125, 0.92107421875, 0.92107421875], "val_acc": [0.724702380952381, 0.7392113095238095, 0.7526041666666667, 0.7619047619047619, 0.7633928571428571, 0.7239583333333333, 0.7648809523809524, 0.7462797619047619, 0.7433035714285714, 0.7418154761904762, 0.7477678571428571, 0.7313988095238095, 0.7273065476190476, 0.7392113095238095, 0.7351190476190476, 0.7150297619047619, 0.7395833333333333, 0.7429315476190476, 0.748139880952381, 0.7209821428571429, 0.7306547619047619, 0.7414434523809524, 0.7328869047619048, 0.7395833333333333, 0.7395833333333333, 0.7459077380952381, 0.7384672619047619, 0.7384672619047619, 0.7377232142857143, 0.7299107142857143, 0.7373511904761905, 0.7406994047619048, 0.7433035714285714, 0.7429315476190476, 0.744047619047619, 0.7529761904761905, 0.7485119047619048, 0.7529761904761905, 0.7473958333333333, 0.7496279761904762]}, "frozen_1_2": {"training_acc": [0.627763671875, 0.773583984375, 0.7784375, 0.745478515625, 0.507236328125, 0.58630859375, 0.31095703125, 0.33736328125, 0.3433203125, 0.345517578125, 0.338916015625, 0.393203125, 0.334599609375, 0.329052734375, 0.3478125, 0.366865234375, 0.402255859375, 0.36546875, 0.330732421875, 0.387119140625, 0.3876171875, 0.324306640625, 0.394443359375, 0.435576171875, 0.3696484375, 0.36943359375, 0.42162109375, 0.445791015625, 0.429326171875, 0.407001953125, 0.378056640625, 0.4047265625, 0.471416015625, 0.503857421875, 0.4359765625, 0.52666015625, 0.519375, 0.50943359375, 0.49140625, 0.463046875], "val_acc": [0.751860119047619, 0.6822916666666667, 0.6264880952380952, 0.693452380952381, 0.4326636904761905, 0.31026785714285715, 0.14583333333333331, 0.14583333333333331, 0.31026785714285715, 0.3091517857142857, 0.5450148809523809, 0.14583333333333331, 0.14583333333333331, 0.31026785714285715, 0.5450148809523809, 0.31026785714285715, 0.5450148809523809, 0.14583333333333331, 0.31026785714285715, 0.5450148809523809, 0.3091517857142857, 0.5438988095238095, 0.5438988095238095, 0.14583333333333331, 0.5438988095238095, 0.5438988095238095, 0.31026785714285715, 0.31026785714285715, 0.5438988095238095, 0.5450148809523809, 0.5438988095238095, 0.5438988095238095, 0.5438988095238095, 0.5438988095238095, 0.5450148809523809, 0.5450148809523809, 0.5450148809523809, 0.5450148809523809, 0.5450148809523809, 0.5450148809523809]}, "frozen_1_4": {"training_acc": [0.59041015625, 0.777978515625, 0.797021484375, 0.795986328125, 0.726328125, 0.471943359375, 0.33048828125, 0.3303125, 0.343076171875, 0.321318359375, 0.341611328125, 0.335654296875, 0.328173828125, 0.39462890625, 0.331572265625, 0.3233984375, 0.41859375, 0.33986328125, 0.40048828125, 0.386572265625, 0.40822265625, 0.37080078125, 0.3980078125, 0.381826171875, 0.37865234375, 0.354052734375, 0.43658203125, 0.45796875, 0.340009765625, 0.45123046875, 0.41091796875, 0.470341796875, 0.331484375, 0.489140625, 0.3796875, 0.51146484375, 0.467412109375, 0.460986328125, 0.4832421875, 0.488681640625], "val_acc": [0.7633928571428571, 0.7600446428571429, 0.7395833333333333, 0.7232142857142857, 0.6547619047619048, 0.5483630952380952, 0.14583333333333331, 0.14583333333333331, 0.14583333333333331, 0.14583333333333331, 0.31026785714285715, 0.14583333333333331, 0.5438988095238095, 0.14583333333333331, 0.14583333333333331, 0.5438988095238095, 0.14583333333333331, 0.5438988095238095, 0.31026785714285715, 0.31026785714285715, 0.5438988095238095, 0.5438988095238095, 0.5438988095238095, 0.5438988095238095, 0.31026785714285715, 0.5438988095238095, 0.31026785714285715, 0.31026785714285715, 0.5438988095238095, 0.31026785714285715, 0.31026785714285715, 0.31026785714285715, 0.5438988095238095, 0.5438988095238095, 0.5438988095238095, 0.5438988095238095, 0.5438988095238095, 0.5438988095238095, 0.5438988095238095, 0.5438988095238095]}, "frozen_1_6": {"training_acc": [0.558427734375, 0.779375, 0.812333984375, 0.798974609375, 0.785927734375, 0.7569140625, 0.566904296875, 0.41669921875, 0.42158203125, 0.4444921875, 0.45376953125, 0.449169921875, 0.47494140625, 0.45767578125, 0.4705859375, 0.471279296875, 0.466640625, 0.449970703125, 0.469404296875, 0.45673828125, 0.43369140625, 0.383212890625, 0.4409375, 0.448818359375, 0.440068359375, 0.452587890625, 0.4279296875, 0.416005859375, 0.411611328125, 0.4175390625, 0.435009765625, 0.4503125, 0.439892578125, 0.436337890625, 0.4208203125, 0.42060546875, 0.42322265625, 0.42056640625, 0.4226953125, 0.4158984375], "val_acc": [0.7581845238095238, 0.6677827380952381, 0.7124255952380952, 0.7455357142857143, 0.7046130952380952, 0.7083333333333333, 0.37351190476190477, 0.5524553571428571, 0.3634672619047619, 0.3757440476190476, 0.3779761904761905, 0.5535714285714286, 0.5502232142857143, 0.38132440476190477, 0.36569940476190477, 0.3668154761904762, 0.3746279761904762, 0.37686011904761907, 0.37239583333333337, 0.3712797619047619, 0.34561011904761907, 0.5569196428571429, 0.35788690476190477, 0.36123511904761907, 0.5513392857142857, 0.36123511904761907, 0.3590029761904762, 0.3556547619047619, 0.32998511904761907, 0.3757440476190476, 0.5491071428571429, 0.5513392857142857, 0.3712797619047619, 0.37239583333333337, 0.3712797619047619, 0.3757440476190476, 0.3757440476190476, 0.3779761904761905, 0.3746279761904762, 0.3757440476190476]}}