{"0.01": {"training_acc": [0.5087847793311403, 0.3319284539473684, 0.3307634320175439, 0.3556186609100877, 0.32737544544956143, 0.3339158442982456, 0.32698996025219296, 0.3264973958333333, 0.3511213336074561, 0.3563082510964912, 0.3629685786732456, 0.3365756921600877, 0.33977093612938597, 0.3267629523026316, 0.32814641584429827, 0.3515282346491228, 0.33473821271929827, 0.32219281112938597, 0.3197813870614035, 0.3283006099232456, 0.3342756304824561, 0.3341942502741228, 0.3396253083881579, 0.3174085115131579, 0.3414156729714912, 0.3461828399122807, 0.34649122807017546, 0.3483115748355263, 0.3205480742872807, 0.3303136992872807], "val_acc": [0.14600243506493507, 0.14600243506493507, 0.5386566558441558, 0.3153409090909091, 0.5386566558441558, 0.3153409090909091, 0.14600243506493507, 0.5386566558441558, 0.14600243506493507, 0.5386566558441558, 0.5386566558441558, 0.14600243506493507, 0.3153409090909091, 0.5386566558441558, 0.3153409090909091, 0.14600243506493507, 0.3153409090909091, 0.5386566558441558, 0.14600243506493507, 0.14600243506493507, 0.3153409090909091, 0.14600243506493507, 0.14600243506493507, 0.14600243506493507, 0.5386566558441558, 0.3153409090909091, 0.14600243506493507, 0.5386566558441558, 0.3153409090909091, 0.14600243506493507]}, "0.005": {"training_acc": [0.5943710594846491, 0.48622961211622806, 0.33358175712719296, 0.32603909676535087, 0.31584515487938597, 0.3483458401864035, 0.3370511239035088, 0.30285430372807015, 0.3195372464364035, 0.33116604989035087, 0.3155067845394737, 0.3163976836622807, 0.3296712239583333, 0.3389485677083333, 0.3628186677631579, 0.3468809964364035, 0.3067477042214912, 0.3111165364583333, 0.3340614720394737, 0.33274653919956143, 0.3283006099232456, 0.2979586417214912, 0.3589338336074561, 0.3637224163925439, 0.38985402960526316, 0.3380919339364035, 0.36964603892543857, 0.4078818873355263, 0.43522992050438597, 0.4787469161184211], "val_acc": [0.5387581168831169, 0.3153409090909091, 0.17045454545454544, 0.3153409090909091, 0.3153409090909091, 0.14600243506493507, 0.14600243506493507, 0.14600243506493507, 0.3153409090909091, 0.3153409090909091, 0.5386566558441558, 0.5386566558441558, 0.3153409090909091, 0.5386566558441558, 0.14600243506493507, 0.5386566558441558, 0.5386566558441558, 0.3153409090909091, 0.5386566558441558, 0.5386566558441558, 0.14600243506493507, 0.5386566558441558, 0.3153409090909091, 0.5386566558441558, 0.3153409090909091, 0.3153409090909091, 0.5386566558441558, 0.5386566558441558, 0.5386566558441558, 0.5386566558441558]}, "0.001": {"training_acc": [0.6276341488486842, 0.7753692091557017, 0.7987124794407895, 0.3931435032894737, 0.34462804961622806, 0.32725979989035087, 0.2935726768092105, 0.30947179961622806, 0.29729903371710525, 0.3247327302631579, 0.35787160773026316, 0.3179182086074561, 0.3845685992324561, 0.46428265487938597, 0.4539002535635965, 0.4576608758223684, 0.4639485677083333, 0.4167009320175439, 0.3930321408991228, 0.3338558799342105, 0.37135930646929827, 0.31548536869517546, 0.33897854989035087, 0.3549033717105263, 0.3586340117872807, 0.3257649739583333, 0.3440412554824561, 0.36574407209429827, 0.34483792489035087, 0.34279485334429827], "val_acc": [0.7505073051948052, 0.6341314935064934, 0.6924715909090909, 0.5386566558441558, 0.5386566558441558, 0.3153409090909091, 0.3153409090909091, 0.3153409090909091, 0.3153409090909091, 0.14600243506493507, 0.14600243506493507, 0.5386566558441558, 0.37094155844155846, 0.3659699675324676, 0.6027800324675325, 0.3581574675324676, 0.14600243506493507, 0.546976461038961, 0.14600243506493507, 0.3153409090909091, 0.31422483766233766, 0.14600243506493507, 0.5386566558441558, 0.5386566558441558, 0.14600243506493507, 0.3153409090909091, 0.5386566558441558, 0.5386566558441558, 0.5386566558441558, 0.3153409090909091]}, "0.0005": {"training_acc": [0.5989454838267544, 0.7689316063596491, 0.8139134457236842, 0.8480888500548246, 0.8613923725328947, 0.8705797697368421, 0.8829067297149122, 0.8847699081688597, 0.8934347587719298, 0.8863246984649122, 0.895910430372807, 0.8994783100328947, 0.9043611225328947, 0.9073207922149122, 0.9092139528508771, 0.9099163925438597, 0.9121736225328947, 0.9118994997258771, 0.9129360265899122, 0.9148591694078947, 0.9151632743969298, 0.9161998012609649, 0.9161698190789473, 0.9178188390899122, 0.9183670847039473, 0.9180329975328947, 0.9198319284539473, 0.9198619106359649, 0.9207485265899122, 0.9208384731359649], "val_acc": [0.7471590909090909, 0.7460430194805195, 0.6840503246753247, 0.7449269480519481, 0.7715097402597403, 0.7765827922077922, 0.7578125, 0.7742491883116883, 0.7804383116883117, 0.7609577922077922, 0.7710024350649352, 0.7726258116883117, 0.7593344155844156, 0.7721185064935066, 0.7615665584415584, 0.7721185064935066, 0.773234577922078, 0.781047077922078, 0.7359983766233766, 0.7626826298701299, 0.7593344155844156, 0.7593344155844156, 0.7704951298701299, 0.7548701298701299, 0.7481737012987013, 0.7726258116883117, 0.7643060064935066, 0.7687702922077922, 0.7665381493506495, 0.765422077922078]}, "0.0001": {"training_acc": [0.4161227042214912, 0.7121967516447368, 0.7897435238486842, 0.8402163856907895, 0.8675558525219298, 0.884435820997807, 0.8970069216008771, 0.9055818256578947, 0.908849883497807, 0.9127518503289473, 0.9131501850328947, 0.913488555372807, 0.9192836828399122, 0.9217850534539473, 0.9221833881578947, 0.9244706003289473, 0.9266378837719298, 0.9275844640899122, 0.9278286047149122, 0.9282269394188597, 0.9281027275219298, 0.9286809553179824, 0.9305741159539473, 0.9295076069078947, 0.9325572231359649, 0.9312165912828947, 0.9305741159539473, 0.9312165912828947, 0.9317048725328947, 0.9325272409539473], "val_acc": [0.6558441558441558, 0.7155032467532468, 0.7414772727272727, 0.7788149350649352, 0.7766842532467532, 0.7910917207792209, 0.783786525974026, 0.7898741883116883, 0.7805397727272727, 0.7770900974025974, 0.7805397727272727, 0.7860186688311688, 0.7826704545454545, 0.7748579545454545, 0.7748579545454545, 0.7665381493506495, 0.7620738636363636, 0.7559862012987013, 0.765422077922078, 0.765422077922078, 0.7599431818181818, 0.7626826298701299, 0.7615665584415584, 0.765523538961039, 0.7626826298701299, 0.7637987012987013, 0.7582183441558442, 0.757711038961039, 0.7565949675324675, 0.7615665584415584]}, "0.00005": {"training_acc": [0.3452234100877193, 0.6598564281798246, 0.7636804413377193, 0.8088421737938597, 0.8538282963267544, 0.8768032140899122, 0.8872712787828947, 0.8969769394188597, 0.9036586828399122, 0.9087856359649122, 0.9117752878289473, 0.9173005756578947, 0.9191937362938597, 0.9216008771929824, 0.9180629797149122, 0.9241964775219298, 0.9232798793859649, 0.9220591762609649, 0.9281926740679824, 0.9259354440789473, 0.9288051672149122, 0.9256313390899122, 0.9314007675438597, 0.9310623972039473, 0.9325872053179824, 0.9315806606359649, 0.9314607319078947, 0.9331697162828947, 0.9323130825109649, 0.9327713815789473], "val_acc": [0.565137987012987, 0.7511160714285714, 0.7678571428571429, 0.7750608766233766, 0.7716112012987013, 0.7739448051948052, 0.7805397727272727, 0.7939326298701299, 0.7748579545454545, 0.7671469155844156, 0.7799310064935066, 0.7621753246753247, 0.7721185064935066, 0.7615665584415584, 0.7615665584415584, 0.7710024350649352, 0.7643060064935066, 0.765422077922078, 0.7593344155844156, 0.752637987012987, 0.7571022727272727, 0.760450487012987, 0.744825487012987, 0.7504058441558442, 0.7571022727272727, 0.7571022727272727, 0.7571022727272727, 0.7515219155844156, 0.7504058441558442, 0.7492897727272727]},