{"0.0001": {"training_acc": [0.3795660349948347, 0.502251743285124, 0.7270870996900827, 0.7876480985278925, 0.822414934142562, 0.8479609213584711, 0.8662008490444215, 0.8686281314566116, 0.8904413901084711, 0.8943335162706612, 0.9004370318956612, 0.9039679913481405, 0.9081789127066116, 0.9087236893078512, 0.9144377905475206, 0.9121981534090909, 0.9156443698347108, 0.9172827350206612, 0.9180857760847108, 0.9222644143853306, 0.9229685885847108, 0.9234709936725206, 0.923414498321281, 0.9237716296487604, 0.9226679526084711, 0.9249640850981405, 0.9261424167097108, 0.9293021209969008, 0.9273913675103306, 0.9281096655475206], "val_acc": [0.5188905423280423, 0.6492228835978836, 0.7702132936507936, 0.7352017195767196, 0.7864583333333333, 0.7877810846560847, 0.7706266534391535, 0.790922619047619, 0.7842261904761905, 0.7866650132275133, 0.7666583994708994, 0.763516865079365, 0.7815806878306878, 0.7800512566137565, 0.7806712962962964, 0.7659556878306878, 0.7764136904761905, 0.7708333333333333, 0.7521494708994708, 0.7693039021164021, 0.7695105820105821, 0.7688078703703703, 0.7786458333333333, 0.7641369047619048, 0.7672784391534392, 0.7670717592592593, 0.7594659391534392, 0.765459656084656, 0.7665757275132276, 0.7678984788359788]}, "0.00005": {"training_acc": [0.3268457838326446, 0.4700292161673554, 0.6148570667613636, 0.7443787125516529, 0.7825917645919421, 0.8093443310950413, 0.8273118704803719, 0.8463830869059917, 0.8662432205578512, 0.8667032541322314, 0.8764830029700413, 0.8814505584969008, 0.8849431818181818, 0.8876711002066116, 0.897047310821281, 0.8989580643078512, 0.898512154571281, 0.9035543646694215, 0.9034090909090909, 0.9056487280475206, 0.9119681366219008, 0.911207467071281, 0.912428170196281, 0.9124987893853306, 0.914137154571281, 0.9137336163481405, 0.9163626678719008, 0.9185175619834711, 0.9183299167097108, 0.9178275116219008], "val_acc": [0.7722387566137565, 0.7690972222222222, 0.7760003306878307, 0.7706266534391535, 0.7693039021164021, 0.7612847222222222, 0.7646329365079365, 0.7566137566137565, 0.7532655423280422, 0.7610780423280422, 0.7568204365079365, 0.7572337962962964, 0.7476851851851851, 0.7633101851851851, 0.7575231481481481, 0.7588458994708994, 0.763723544973545, 0.7474785052910053, 0.757729828042328, 0.7543816137566137, 0.7510333994708994, 0.753968253968254, 0.7541749338624338, 0.7495039682539683, 0.7528521825396826, 0.7575231481481481, 0.7506200396825397, 0.751736111111111, 0.7506200396825397, 0.751942791005291]}, "0.00003": {"training_acc": [0.3165676652892562, 0.4507844783057851, 0.5378115315082644, 0.6879822281766529, 0.7632199121900827, 0.7882776181559917, 0.8055268595041323, 0.8192269821797521, 0.8356408994059917, 0.8381105533316116, 0.8441999451188017, 0.8523978241219008, 0.8612191696797521, 0.8676374451188017, 0.871900826446281, 0.8720743478822314, 0.8794409381456612, 0.881422310821281, 0.8863192471590909, 0.888502388946281, 0.8877840909090909, 0.8890047940340909, 0.8894224560950413, 0.8914744479597108, 0.8911173166322314, 0.8976203350981405, 0.8982538901084711, 0.8952959549328512, 0.8951224334969008, 0.901685982696281], "val_acc": [0.3230820105820106, 0.4948330026455027, 0.63682208994709, 0.7411954365079365, 0.7521494708994708, 0.7562003968253969, 0.7624007936507936, 0.763516865079365, 0.7552910052910053, 0.7681878306878307, 0.771329365079365, 0.7726521164021164, 0.7704199735449736, 0.7711226851851851, 0.773354828042328, 0.7833994708994708, 0.7782324735449736, 0.7729414682539683, 0.7720320767195767, 0.7767030423280422, 0.7813740079365079, 0.7729414682539683, 0.7787285052910053, 0.7742642195767196, 0.7742642195767196, 0.781167328042328, 0.769593253968254, 0.7731481481481481, 0.7764963624338624, 0.7762896825396826]}, "0.01": {"training_acc": [0.5742167323088843, 0.6530842426394629, 0.7462612183626033, 0.6285571894369835, 0.635552524535124, 0.7351578641528925, 0.7736715521694215, 0.8233632489669421, 0.8123486731663223, 0.8136399954803719, 0.8055551071797521, 0.8038743704803719, 0.8227196055010331, 0.8065881650309917, 0.8491110052944215, 0.8699053299328512, 0.8786237732438017, 0.8781778635072314, 0.8795398050103306, 0.8901548779700413, 0.8943476401084711, 0.9036532315340909, 0.9021460162706612, 0.9037238507231405, 0.9011835776084711, 0.9102591522469008, 0.9117239959969008, 0.9163767917097108, 0.9185881811725206, 0.9166491800103306], "val_acc": [0.6269841269841271, 0.7247437169312169, 0.7020089285714286, 0.6371527777777778, 0.585772156084656, 0.5935019841269842, 0.6690228174603174, 0.6146246693121693, 0.6155340608465608, 0.6237599206349207, 0.5737020502645503, 0.5462962962962963, 0.6110697751322751, 0.5973462301587301, 0.5812251984126985, 0.6019345238095238, 0.5767609126984128, 0.5935019841269842, 0.6244626322751322, 0.6244626322751322, 0.6119791666666667, 0.5542328042328043, 0.5816385582010583, 0.6084242724867724, 0.6063988095238095, 0.6343005952380952, 0.6128885582010583, 0.6184689153439153, 0.6197916666666667, 0.6175595238095238]}, "0.005": {"training_acc": [0.5199852305010331, 0.7361061789772727, 0.8013482212035123, 0.8365892142303719, 0.8637029474431818, 0.8801874838584711, 0.8899531088584711, 0.8986291806559917, 0.903639107696281, 0.901930123321281, 0.9087519369834711, 0.9134894757231405, 0.9143106760072314, 0.9217196377840909, 0.9212878518853306, 0.9214472494834711, 0.9197806366219008, 0.926588326446281, 0.9298610214359504, 0.9252082257231405, 0.9288420874225206, 0.9296027569731405, 0.9297904022469008, 0.9293727401859504, 0.931226998321281, 0.9286261944731405, 0.9302928073347108, 0.9300486667097108, 0.9318000225981405, 0.9315276342975206], "val_acc": [0.6372354497354497, 0.7915426587301587, 0.7646329365079365, 0.7169312169312169, 0.685557208994709, 0.7160218253968254, 0.7174272486772486, 0.7062665343915343, 0.6873759920634921, 0.7046544312169312, 0.7022156084656085, 0.6955191798941799, 0.6895254629629629, 0.6886160714285714, 0.6828290343915343, 0.6884093915343915, 0.6886160714285714, 0.6781580687830688, 0.6803902116402117, 0.6919642857142857, 0.6817129629629629, 0.6865906084656085, 0.6852678571428571, 0.6863839285714286, 0.6830357142857143, 0.6848544973544974, 0.6890294312169312, 0.6824156746031746, 0.6801835317460317, 0.6790674603174603]}, "0.001": {"training_acc": [0.46233979532541325, 0.7317540192407025, 0.8084282993285123, 0.8353826349431818, 0.8623087228822314, 0.875074654571281, 0.892164498321281, 0.9045874225206612, 0.9019159994834711, 0.9099726401084711, 0.9151278409090909, 0.9139353854597108, 0.9160761557334711, 0.9175127518078512, 0.9215178686725206, 0.9205130584969008, 0.9210013397469008, 0.9244051846590909, 0.9252223495609504, 0.9249499612603306, 0.9276213842975206, 0.9278796487603306, 0.9297904022469008, 0.9303634265237604, 0.930982857696281, 0.9315558819731405, 0.9315135104597108, 0.9317435272469008, 0.9313117413481405, 0.9315276342975206], "val_acc": [0.743923611111111, 0.7721560846560847, 0.7639302248677249, 0.7762070105820106, 0.7875744047619048, 0.744130291005291, 0.7652529761904762, 0.7766203703703703, 0.7459490740740741, 0.7619047619047619, 0.7601686507936508, 0.7661623677248678, 0.7525628306878307, 0.7470651455026455, 0.7633101851851851, 0.7722387566137565, 0.7628141534391535, 0.7693039021164021, 0.7547949735449736, 0.7605820105820106, 0.7681878306878307, 0.7659556878306878, 0.7552910052910053, 0.7568204365079365, 0.753968253968254, 0.7573164682539683, 0.7588458994708994, 0.7588458994708994, 0.7564070767195767, 0.7588458994708994]},