{"0.0001": {"training_loss": [4.012134052813053, 1.0681512020528316, 0.639128222130239, 0.4564404906705022, 0.36840779799968004, 0.31040817964822054, 0.2703322572633624, 0.24653932871297002, 0.2027495896909386, 0.19059335882775486, 0.18777131591923535, 0.1826606180984527, 0.1657426741439849, 0.15624822746030986, 0.14967909548431635, 0.1495709226001054, 0.14430068037472665, 0.14335349504835904, 0.13898881478235126, 0.13737255753949285, 0.1328716699499637, 0.12961422535590827, 0.125695412280038, 0.1251092362217605, 0.1327644125558436, 0.12424922781065106, 0.12210496561601758, 0.12009779387153685, 0.12017873115837574, 0.1195528747048229], "val_loss": [1.3608003003256661, 0.8176139422825405, 0.5101515352725983, 0.5024649841444833, 0.475126998765128, 0.47838892681258066, 0.5707036214215415, 0.5345661171845028, 0.5790134370326996, 0.6508121022156307, 0.6933977433613369, 0.6743079934801374, 0.8132511803082058, 0.7299577934401376, 0.7759596109390259, 0.9091315950666156, 0.8186506118093219, 0.9215644087110247, 0.9588732208524432, 0.895746145929609, 0.9637698360851833, 0.9771045020648411, 0.9541183199201312, 1.0034763046673365, 0.9912442224366325, 0.9585531949996948, 0.9763963988849095, 1.0090895806040083, 1.0183701770646232, 1.034368438380105]}, "0.00005": {"training_loss": [4.853660017251968, 1.3948266562074423, 0.8977334313094616, 0.6001809341832995, 0.4732674593105912, 0.4071036549285054, 0.3540857685729861, 0.31513918470591307, 0.27121227188035846, 0.2554720384068787, 0.23961074464023113, 0.22441995632834733, 0.20754044223576784, 0.20082487678155303, 0.18727536965161562, 0.1814454842824489, 0.17778365104459226, 0.17258541169576347, 0.1667965343222022, 0.16364826913923025, 0.1530208031181246, 0.1563143606763333, 0.15138792665675282, 0.14860650524497032, 0.15648087940644473, 0.14659632905386388, 0.14336061291396618, 0.14371178904548287, 0.13908401015214622, 0.14728557830676436], "val_loss": [2.064709714480809, 1.0044627274785722, 0.7191346372876849, 0.5661611557006836, 0.49133523447172983, 0.4787290266581944, 0.5028564376490456, 0.49235626629420687, 0.5139712137835366, 0.5358536924634661, 0.5680665799549648, 0.5903816861765725, 0.5932533698422569, 0.6170244429792676, 0.609946072101593, 0.6547396693910871, 0.6891682488577706, 0.7205746727330344, 0.7167957254818508, 0.7235603204795292, 0.7551761184419904, 0.7452548486845834, 0.7453764123576028, 0.7917259931564331, 0.7664460667542049, 0.756387608391898, 0.7790277515138898, 0.7759089044162205, 0.7880753023283822, 0.7969474026135036]}, "0.00003": {"training_loss": [5.465573333203793, 1.7829071916639805, 1.0328924804925919, 0.7277947347611189, 0.5387599673122168, 0.46519583743065596, 0.4211713159456849, 0.37756501976400614, 0.35131525387987494, 0.33151886565610766, 0.31077794544398785, 0.3040066985413432, 0.2761770668439567, 0.2660332997329533, 0.24770402256399393, 0.24211726244539022, 0.22389135463163257, 0.2253820039331913, 0.2178348433226347, 0.2113358937203884, 0.21225733123719692, 0.20588470390066504, 0.2049426136072725, 0.19186625024303794, 0.19712836481630802, 0.1901893608737737, 0.18561104591935873, 0.18957708729431033, 0.19255316583439708, 0.1826116379816085], "val_loss": [2.6291216100965227, 1.18996981212071, 0.8735438414982387, 0.6030376383236477, 0.5251082565103259, 0.5033466219902039, 0.5081547243254525, 0.5187790095806122, 0.507525201354708, 0.5204503919397082, 0.5158572707857404, 0.5208787449768612, 0.5365146483693805, 0.5526693505900246, 0.55047208070755, 0.5481805375644139, 0.5655571605478015, 0.5797538118703025, 0.5880022517272404, 0.6034112104347774, 0.5896683377879006, 0.6190332174301147, 0.6017746840204511, 0.6224229846681867, 0.6247923118727547, 0.617384033543723, 0.6324443859713418, 0.6313236951828003, 0.6290103197097778, 0.6323149928024837]}, "0.01": {"training_loss": [1.3819992057979107, 0.8025196185335517, 0.7160623585805297, 0.9630548413842916, 0.8958059418946505, 0.710196141153574, 0.5892993910238147, 0.49692383222281933, 0.493318647146225, 0.479227002710104, 0.559700969606638, 0.470694487914443, 0.47525595407932997, 0.4749561417847872, 0.3790371445938945, 0.30515127955004573, 0.2954764487221837, 0.28250243980437517, 0.2988666919991374, 0.24466215912252665, 0.2494336636736989, 0.21493021538481116, 0.20923453639261425, 0.19807351473718882, 0.2041884921491146, 0.17642845981754363, 0.1750538859050721, 0.16673749405890703, 0.16352661699056625, 0.16685123788192868], "val_loss": [0.7658756801060268, 1.1412476471492223, 0.8155056323323931, 0.8912711824689593, 1.1243896484375, 1.0019841023853846, 1.0531740869794572, 1.281468689441681, 1.2157340049743652, 1.5799063444137573, 1.5237629754202706, 1.4858553068978446, 1.2608466829572404, 1.4809061288833618, 1.5784572873796736, 1.6681941917964391, 1.4034496205193656, 1.614384310586112, 1.75043329170772, 1.5570651973996843, 1.7773480415344238, 2.035372257232666, 1.9361110414777483, 2.037698268890381, 1.932659353528704, 2.1028781958988736, 2.1535196474620273, 2.124576619693211, 2.2431398119245256, 2.3234375544956754]}, "0.005": {"training_loss": [1.5657878406345844, 0.6110439812764525, 0.48223253432661295, 0.387183029204607, 0.30828972812741995, 0.27161469869315624, 0.24025519890710711, 0.23102775285951793, 0.2017999361269176, 0.21585077373310924, 0.17905344651080668, 0.1692881027702242, 0.16950835334137082, 0.1561455582268536, 0.1469767156522721, 0.14265965693630278, 0.14520977158099413, 0.12285558809526265, 0.12398159585427493, 0.12662756792269647, 0.11769458698108792, 0.1174501224886626, 0.11130237160250545, 0.11526460852473974, 0.10943312500603497, 0.11599628406111151, 0.11324277822859585, 0.11083013820461929, 0.10596291592810303, 0.10775125224608928], "val_loss": [0.7029727654797691, 0.7094775268009731, 0.6342681178024837, 0.7389752439090184, 1.0957940816879272, 1.1764615689005171, 0.9989366361073085, 1.007499166897365, 1.4379636900765556, 1.8313193832124983, 1.4756248337881905, 1.4438690628324236, 2.006250705037798, 1.7872902325221471, 1.6005863802773612, 2.1335730382374356, 1.9830151285443987, 2.222512858254569, 2.1595392567770824, 2.526245355606079, 2.186728000640869, 2.613677876336234, 3.073481798171997, 3.0182651792253767, 2.86033296585083, 2.3343204941068376, 2.8266078404017856, 2.5809832641056607, 2.6923761708395824, 2.7127541473933627]}, "0.001": {"training_loss": [2.135013712570071, 0.6032110992819071, 0.4411018155515194, 0.36430942779406905, 0.28285892121493816, 0.257532998919487, 0.20048694522120059, 0.1800628723576665, 0.18229406932368875, 0.15587808936834335, 0.15421912563033402, 0.14930015546269715, 0.13708171900361776, 0.14628159860149026, 0.13173235626891255, 0.13183834007941186, 0.12323695863597095, 0.12352018989622593, 0.12172617646865547, 0.1196988052688539, 0.11305269063450396, 0.11323153448756784, 0.11032036028336734, 0.1080515927169472, 0.10547458939254284, 0.1067632365738973, 0.10439869563560933, 0.10431629791855812, 0.10226263722870499, 0.1023019072599709], "val_loss": [0.6970766357013157, 0.6616839383329663, 0.5051732999937875, 0.5408599206379482, 0.6429775612694877, 0.6883130158696856, 0.6571697337286813, 0.9295323491096497, 0.8170417462076459, 1.0341912337711878, 0.923936801297324, 0.9996821454593113, 1.2200348121779305, 1.151658066681453, 1.2250631196158273, 1.5207158837999617, 1.4489605597087316, 1.547421864100865, 1.405810032572065, 1.5561586277825492, 1.6033336094447546, 1.9631052017211914, 1.7645812034606934, 1.9740519183022636, 2.2549474579947337, 2.29254298550742, 2.4064589057649886, 2.4320319380078996, 2.502535036631993, 2.4995460510253906]},