{"0.01": {"training_loss": [1.0401291502639651, 1.2681845789775252, 1.4593657944351435, 1.5373730715364218, 1.4355768989771605, 1.3184985872358084, 1.3638392724096775, 1.460867302492261, 1.2816582694649696, 1.522519875317812, 1.3637471087276936, 1.3712339531630278, 1.3692227248102427, 1.3052359726279974, 1.2831024397164583, 1.340658076107502, 1.3064085263758898, 1.2183979135006666, 1.3288915026932955, 1.2384646777063608, 1.2099214754998684, 1.2274468820542097, 1.200994012877345, 1.1647676657885313, 1.2188883693888783, 1.1533433645963669, 1.1478650718927383, 1.14890705794096, 1.137839499861002, 1.1157539319247007], "val_loss": [1.4715169412749154, 1.1243702684129988, 1.787139117717743, 2.6532893010548184, 1.181170982973916, 1.2799809915678841, 1.5398468630654472, 1.2769333124160767, 1.18155460698264, 1.1697277937616621, 1.4339962005615234, 1.5115188445363725, 1.3538989169257027, 1.409356313092368, 1.1973323225975037, 1.2552202258791243, 1.2579073735645838, 1.3615798439298357, 1.1333116037505013, 1.1560561742101396, 1.2388822947229658, 1.4281384263719832, 1.105408183165959, 1.169987644468035, 1.2040977818625314, 1.1950771808624268, 1.1444121088300432, 1.1437054106167384, 1.1075435536248344, 1.100047494683947]}, "0.005": {"training_loss": [0.8686967771500349, 1.1226774463430047, 1.275063124485314, 1.1928368331864476, 1.230708785355091, 1.2468338310718536, 1.26745580509305, 1.2334138676524162, 1.312192564830184, 1.1896939277648926, 1.199467558413744, 1.1463281530886889, 1.1739220106974244, 1.14824547059834, 1.1619991976767778, 1.1552190892398357, 1.1438123062252998, 1.1220013611018658, 1.1088481303304434, 1.1045884434133768, 1.1019687186926603, 1.100815074518323, 1.100765097886324, 1.100674293935299, 1.100177638232708, 1.0993279311805964, 1.099308155477047, 1.0991877559572458, 1.098882656544447, 1.098541971296072], "val_loss": [0.8707895278930664, 1.4510864530290877, 1.2277095828737532, 1.3556261573519026, 1.1094339489936829, 1.1729979429926192, 1.1356584685189384, 1.4443027973175049, 1.1987631150654383, 1.2597068292754037, 1.234843407358442, 1.1297822424343653, 1.1862404261316573, 1.123960520539965, 1.2358675513948714, 1.1422734771456038, 1.1386514816965376, 1.099488411630903, 1.1105839439800806, 1.0990737336022514, 1.1049021227019173, 1.1000713791166032, 1.1020023141588484, 1.0995893563543047, 1.0987197501318795, 1.0985835109438216, 1.0985162343297685, 1.0984760097094945, 1.0984705005373274, 1.098494521209172]}, "0.001": {"training_loss": [0.7942053326405585, 0.5503556984476745, 0.5766307101584971, 1.1445492850616574, 1.1318965200334787, 1.1333849746733904, 1.1352718248963356, 1.1324009392410517, 1.1410816237330437, 1.134955832734704, 1.1266310289502144, 1.129966041073203, 1.0933573143556714, 0.9430304914712906, 0.9531672243028879, 0.9838770618662238, 0.9634380200877786, 1.0408967956900597, 1.075339819304645, 1.1038334760814905, 1.1003546547144651, 1.121881963685155, 1.109871355816722, 1.1065417025238276, 1.0990381482988596, 1.1063582208007574, 1.1037389431148767, 1.098877415060997, 1.0995675791054964, 1.0972378570586443], "val_loss": [0.7145440791334424, 0.9194818011351994, 1.1032049741063799, 1.100794689995902, 1.0990900652749198, 1.1011425512177604, 1.1195694378444128, 1.120920513357435, 1.1251304405076163, 1.1651785118239266, 1.1104476537023271, 1.1184243985584803, 0.9516258750643048, 0.9241838242326464, 1.0205247615064894, 0.9981236670698438, 1.0881375670433044, 1.0645666590758733, 1.115499130317143, 1.1060028331620353, 1.130910541330065, 1.1081939509936742, 1.105422019958496, 1.1034193209239416, 1.106313909803118, 1.1002324734415327, 1.0993046930858068, 1.0996123041425432, 1.0990225843020849, 1.0988774725369044]}, "0.0005": {"training_loss": [0.841343049891293, 0.5242154314182699, 0.4331947083119303, 0.3457397462334484, 0.3647670380305499, 0.3292490232270211, 0.3087113321525976, 0.31396423128899187, 0.2839590167859569, 0.28331657871603966, 0.24486545496620238, 0.2223467958974652, 0.22365761664696038, 0.2125031688483432, 0.21174191439058632, 0.1871816118946299, 0.16623576683923602, 0.1839494074229151, 0.17639349051751196, 0.17401373031316325, 0.17938386788591743, 0.1591590687748976, 0.15202720020897686, 0.1462863422348164, 0.1378589377272874, 0.1431860076263547, 0.14247515186434612, 0.13348008639877662, 0.1298372321180068, 0.12485474115237594], "val_loss": [0.6130504501717431, 0.5720659685986382, 0.6776616743632725, 1.037925728729793, 0.7573239079543522, 0.8002582618168422, 0.9920148636613574, 0.8303664135081428, 0.9193087220191956, 0.8163858141217913, 1.183935169662748, 1.1743792763778143, 0.9981060794421605, 0.9961011154311044, 1.0244430431297846, 0.9961700098855155, 1.174942020859037, 1.0929612687655859, 1.0179798943655831, 1.1495489605835505, 1.1994523874350957, 1.2575935976845878, 1.238146641424724, 1.2426364592143468, 1.2497577624661582, 1.3644949751240867, 1.292287256036486, 1.3344401674611228, 1.345617183617183, 1.3487085614885603]}, "0.0001": {"training_loss": [1.0383724020794034, 0.6238353378139436, 0.45730862370692194, 0.3504593812394887, 0.26162381435278803, 0.22244635585229844, 0.19372996489983052, 0.17620972055010498, 0.1642768420279026, 0.14697921724291518, 0.15279226150596514, 0.1637457556789741, 0.1371836552862078, 0.13413532206322998, 0.13201774976914749, 0.13168366206809878, 0.12204109510639682, 0.11839407694060355, 0.11663224856602028, 0.11677579415845685, 0.1225037035474088, 0.11951939889695495, 0.11318236362421885, 0.1106035573175177, 0.10783605824690312, 0.1094340548152104, 0.10992574490956031, 0.1047860701510217, 0.10992762394016609, 0.10508509961073287], "val_loss": [0.7614534071513585, 0.566497694168772, 0.5378937103918621, 0.6025866142341069, 0.5935082861355373, 0.7264778571469444, 0.9548091824565615, 0.8259770348668098, 0.8918147299970899, 1.0682729567800249, 1.0796508661338262, 1.150243150336402, 1.2441870357309068, 1.3466939415250505, 1.2780823835304804, 1.2969831654003687, 1.3531888808522905, 1.4764532106263297, 1.740417216505323, 1.6418046653270721, 1.5211617989199502, 1.5975444785186224, 1.6448958558695657, 1.7876773561750139, 1.7559746503829956, 1.776702242238181, 1.8355921592031206, 1.841001502105168, 1.8845961349351066, 1.849239136491503]}, "0.00005": {"training_loss": [1.070063809864223, 0.7606892334297299, 0.5118884206749499, 0.4074811991304159, 0.3038763771764934, 0.24305765388999134, 0.21451063465792686, 0.1856954770628363, 0.18068720551673323, 0.16183073061984032, 0.1535748338792473, 0.14293411769904196, 0.13989922823384404, 0.13783488020999357, 0.1454441791283898, 0.12842990981880575, 0.1266381355235353, 0.1278261109837331, 0.12306067539611831, 0.12997354671824723, 0.11950627662008628, 0.11951349454466254, 0.11776871694019064, 0.1136237905593589, 0.11915814247913659, 0.11033910390688106, 0.11047959915595129, 0.11325600260170177, 0.10728057054802775, 0.11092422640649602], "val_loss": [0.9178537002631596, 0.5712740080697196, 0.5184126836912972, 0.5388858446053096, 0.5554309231894357, 0.5893926471471786, 0.7225106890712466, 0.7614261550562722, 0.8264732318265098, 0.7950542143412999, 0.945930370262691, 1.0854247638157435, 1.0574239790439606, 1.0057618873459953, 1.1366500045572008, 1.1105630099773407, 1.3944889519895827, 1.2956952452659607, 1.4174507813794273, 1.3687532544136047, 1.2868746519088745, 1.4557955946241106, 1.5339705688612801, 1.5855341000216348, 1.6290996032101768, 1.5749016617025648, 1.6421291615281786, 1.6358020859105247, 1.6509909416948045, 1.6406516219888414]},